{
	"country_code": "CN",
	"parents": [
		"CN",
		"Liaoning Sheng",
		"Shenyang Shi"
	],
	"locale": "zh-Hans",
	"subdivisions": {
		"Chenbei Xinqu": {
			"local_code": "沈北新区"
		},
		"Shenhe Qu": {
			"local_code": "沈河区"
		},
		"Dadong Qu": {
			"local_code": "大东区"
		},
		"Dongling Qu": {
			"local_code": "东陵区"
		},
		"Faku Xian": {
			"local_code": "法库县"
		},
		"Heping Qu": {
			"local_code": "和平区"
		},
		"Huanggu Qu": {
			"local_code": "皇姑区"
		},
		"Kangping Xian": {
			"local_code": "康平县"
		},
		"Liaozhong Xian": {
			"local_code": "辽中县"
		},
		"Sujiatun Qu": {
			"local_code": "苏家屯区"
		},
		"Tiexi Qu": {
			"local_code": "铁西区"
		},
		"Xinmin Shi": {
			"local_code": "新民市"
		},
		"Yuhong Qu": {
			"local_code": "于洪区"
		}
	}
}