{
	"AL": "Àabɛnìa",
	"DZ": "Àadzɛlìa",
	"AR": "Àdzɛ̀ntinà",
	"PS": "Adzɨmā kɨ ŋgùŋ kɨ Palɛsɨtɨnyia à kɨ Gazà kò",
	"IE": "Aelɨ̀lân",
	"IS": "Aesɨ̀lân",
	"AF": "Àfɨ̀ganìsɨ̀tân",
	"ZA": "Afɨlekà ghɨ Emàm ghò",
	"AX": "Åland Islands",
	"AW": "Àlubà",
	"AS": "Àmɛlekan Samwà",
	"AM": "Àmɛnyìa",
	"AD": "Àndolà",
	"AQ": "Antarctica",
	"AG": "Àntigwà à Bàbudà",
	"AO": "Àŋgolà",
	"AI": "Àŋgwilà",
	"AC": "Ascension Island",
	"AZ": "Àzɨbɛ̀dzân",
	"BB": "Bàbadòs",
	"BS": "Bàhamàs",
	"BH": "Bàlaen",
	"BD": "Baŋgɨ̀làdɛ̂",
	"BE": "Bɛɛdzwùm",
	"BY": "Bɛlàlûs",
	"BZ": "Bɛ̀lezɨ̀",
	"BM": "Bɛ̀mudà",
	"BJ": "Bɛ̀nɨ̂ŋ",
	"BR": "Bɨ̀làzîi",
	"BN": "Bɨ̀lunè",
	"BO": "Bòlevà",
	"BA": "Bosɨnyìa à Hɛ̀zɛ̀gòvinà",
	"BW": "Bòtɨ̀swǎnà",
	"BF": "Bùkinà Fasò",
	"BI": "Bùlundì",
	"BG": "Bùugɛlìa",
	"IC": "Canary Islands",
	"BQ": "Caribbean Netherlands",
	"EA": "Ceuta & Melilla",
	"TD": "Châ",
	"CN": "Chaenà",
	"CZ": "Chɛ̂ Lèkpubèlè",
	"CL": "Chilè",
	"CX": "Christmas Island",
	"FK": "Chwɨlà fɨ Fakɨlàn",
	"MH": "Chwɨlà fɨ Mashà",
	"NF": "Chwɨlà fɨ Nufòʔ",
	"SB": "Chwɨlà fɨ Solomwɨ̀n",
	"MP": "Chwɨlà m̀ Màlǐanà mɨ̀ Ekùw mò",
	"VG": "Chwɨlà m̀ Vidzinyìa m̀ Bɨ̀letì mò",
	"TC": "Chwɨla n Tɨtê à Kaekùs",
	"KY": "Chwɨlà ŋ̀ Kaemàn",
	"CV": "Chwɨla ŋ̀ Kɛ̀b Vɛ̂ɛ",
	"CK": "Chwɨla ŋ̀ Kûʔ",
	"CC": "Cocos (Keeling) Islands",
	"CW": "Curaçao",
	"CD": "Dɛ̀mùkàlatì Lèkpubèlè è Kuŋgù",
	"DK": "Dɛnɨmà",
	"DG": "Diego Garcia",
	"IO": "Dɨŋò kɨ dzughùnstòʔ kɨ Endìa kɨ Bɨ̀letì kò",
	"DM": "Dòmenekà",
	"DO": "Dòmenekà Lèkpubèlè",
	"JP": "Dzàkpân",
	"DE": "Dzamanè",
	"JM": "Dzàmɛkà",
	"GI": "Dzibɨ̀latà",
	"DJ": "Dzìbuwtì",
	"JO": "Dzodàn",
	"GE": "Dzɔɔdzìa",
	"EG": "Edzì",
	"EC": "Ekwadò",
	"GQ": "Èkwɛ̀tolia Ginè",
	"IQ": "Èlâkɨ̀",
	"IR": "Èlân",
	"ER": "Èletɨ̀là",
	"IN": "Endìa",
	"ID": "Èndòneshìa",
	"TL": "Ês Taemò",
	"SV": "Esàvadò",
	"EE": "Èsɨ̀tonyìa",
	"IT": "Etalè",
	"ET": "Ètyǒpìa",
	"IL": "Ezɨ̀lɛ̂",
	"FR": "Fàlâŋnsì",
	"FO": "Faroe Islands",
	"PH": "Felèkpî",
	"FJ": "Fidzi",
	"FI": "Fɨnlàn",
	"TF": "French Southern Territories",
	"GH": "Gaanà",
	"GA": "Gàbûn",
	"GM": "Gambìa",
	"GF": "Gàyanà è Fàlâŋnsì",
	"GN": "Ginè",
	"GW": "Ginè Bìsawù",
	"NG": "Gɨ̀anyɨ",
	"GL": "Gɨ̀lenlân",
	"GR": "Gɨ̀lês",
	"GD": "Gɨ̀lɛnadà",
	"GG": "Guernsey",
	"GY": "Gùyanà",
	"GP": "Gwadalukpɛ̀",
	"GU": "Gwam",
	"GT": "Gwàtɨ̀malà",
	"HT": "Hǎetì",
	"HK": "Hong Kong SAR China",
	"HN": "Hɔndulàs",
	"HU": "Hɔŋgàlè",
	"IM": "Isle of Man",
	"JE": "Jersey",
	"NC": "Kàlèdonyìa È fūghū",
	"CM": "Kàmàlûŋ",
	"KH": "Kàmbodìa",
	"CA": "Kanadà",
	"QA": "Katà",
	"KZ": "Kàzasɨ̀tân",
	"KI": "Kèlèbati",
	"KG": "Kìdzisɨ̀tân",
	"KE": "Kɨnyà",
	"CO": "Kòlombìa",
	"KM": "Komolòs",
	"CR": "Kòsɨ̀tà Lekà",
	"XK": "Kosovo",
	"HR": "Kòwɛshìa",
	"PK": "Kpakìsɨ̀tân",
	"PG": "Kpakpua Ginè È fūghū",
	"PY": "Kpalàgwɛ̂",
	"PW": "Kpàlawù",
	"PA": "Kpanàma",
	"PE": "Kpɛlû",
	"PN": "Kpitɨ̀kalè",
	"PF": "Kpoleneshìa è Fàlâŋnsì",
	"PR": "Kpǒto Leko",
	"PL": "Kpulàn",
	"PT": "Kputuwgà",
	"CI": "Ku Dɨ̀vûa",
	"CG": "Kuŋgù",
	"KP": "Kùulîa, Ekùw",
	"KR": "Kùulîa, Emàm",
	"CU": "Kuuwbà",
	"KW": "Kùwɛ̂",
	"LR": "Làebɛlìa",
	"LV": "Làtɨva",
	"LA": "Làwos",
	"LY": "Lebìa",
	"LI": "Letɨnshɨ̀n",
	"LT": "Lètwǎnyìa",
	"RE": "Lèyunyɔ̀ŋ",
	"LB": "Lɛbanè",
	"LS": "Lɛ̀sotù",
	"RU": "Loshìa",
	"RO": "Lùmanyìa",
	"RW": "Lùwandà",
	"LU": "Luzɨmbùʔ",
	"MT": "Maatà",
	"MO": "Macau SAR China",
	"MG": "Màdàgasɨkà",
	"MV": "Màdivè",
	"FM": "Maekòlòneshìa",
	"MW": "Màlawì",
	"ML": "Malè",
	"MY": "Màlɛshìa",
	"MQ": "Màtìnekì",
	"YT": "Màyotì",
	"BT": "Mbutàn",
	"MX": "Mɛkɨzikù",
	"MM": "Mǐanmà",
	"MK": "Mɨ̀sɨ̀donyìa",
	"MA": "Mòlokò",
	"ME": "Montenegro",
	"MD": "Mòodovà",
	"MU": "Mùleshwɨ̀s",
	"MR": "Mùlètanyìa",
	"MC": "Mùnaku",
	"MN": "Mùŋgolìa",
	"MS": "Mùŋtselà",
	"MZ": "Mùzàmbî",
	"NE": "Naedzà",
	"NA": "Nàmibìa",
	"NR": "Nàwulù",
	"NL": "Nedàlân",
	"NP": "Nɛkpâa",
	"NI": "Nikàlagwà",
	"NU": "Niyu",
	"NO": "Noowɛ̂ɛ",
	"CY": "Saekpùlù",
	"WS": "Sàmowà",
	"SM": "Sàn Màlenù",
	"ST": "Sawo Tɔ̀me à Kpèlènsikpɛ̀",
	"SA": "Sawudi Alabi",
	"RS": "Serbia",
	"SC": "Sɛchɛ̀lɛ̀s",
	"SH": "Sɛ̀n Èlenà",
	"KN": "Sɛ̀n Kî à Nevì",
	"PM": "Sɛ̀n Kpiyɛ̀ à Mikelɔŋ",
	"LC": "Sɛ̀n Lushìa",
	"VC": "Sɛ̀n Vinsɨ̀n à Gɨlenadi Ù tē",
	"SN": "Sɛ̀nɛ̀gâa",
	"CF": "Sɛnta Afɨlekan Lèkpobèlè",
	"SZ": "Shǔazìlân",
	"SY": "Silîa",
	"SL": "Silìa lûŋ",
	"SX": "Sint Maarten",
	"SG": "Siŋgàkpôo",
	"ES": "Sɨ̀kpɛ̂n",
	"LK": "Sɨ̀le Laŋkà",
	"SK": "Sɨ̀lòvɨkɨ̀a",
	"SI": "Sɨ̀lòvɨnyìa",
	"SO": "Sòmalìa",
	"GS": "South Georgia & South Sandwich Islands",
	"SS": "South Sudan",
	"BL": "St. Barthélemy",
	"MF": "St. Martin",
	"SD": "Sùdân",
	"SE": "Suedɨ̀n",
	"CH": "Suezàlân",
	"SR": "Sulènamè",
	"SJ": "Svalbard & Jan Mayen",
	"TZ": "Tàanzanyìa",
	"TJ": "Tàdzikìsɨ̀tân",
	"TH": "Taelàn",
	"TW": "Taewàn",
	"TR": "Teekì",
	"TM": "Tekɨmènèsɨ̀tân",
	"TT": "Tèlenedà à Tòbagù",
	"TA": "Tristan da Cunha",
	"TG": "Tugù",
	"TN": "Tùneshìa",
	"TO": "Tuŋgà",
	"TK": "Tuwkelawù",
	"TV": "Tuwvalùw",
	"VI": "U. S. Chwɨlà fɨ Mbuʔmbu",
	"UM": "U.S. Outlying Islands",
	"OM": "Umàn",
	"US": "USA",
	"AU": "Ùsɨ̀tɛ̀lɛlìa",
	"AT": "Usɨtɨ̀là",
	"VU": "Vànǔatùw",
	"VA": "Vatikàn Sɨ̀tɛ̂",
	"VE": "Vɛ̀nɛ̀zǔɛɛlà",
	"VN": "Vìyɛnàm",
	"WF": "Wales à Fùwtuwnà",
	"EH": "Western Sahara",
	"YE": "Yɛmɛ̀n",
	"UG": "Yùgandà",
	"UA": "Yùkɛ̀lɛ̂",
	"UY": "Yulùgwɛ̂",
	"AE": "Yùnaetɛ Alab ɛmelɛ̀",
	"GB": "Yùnaetɛ Kiŋdɔ̀m",
	"UZ": "Yùzɨ̀bɛkìsɨ̀tân",
	"ZM": "Zambìa",
	"NZ": "Zìlân È fūghū",
	"ZW": "Zìmbagbɛ̀"
}