{
	"AX": "Åland Islands",
	"AQ": "Antarctica",
	"AC": "Ascension Island",
	"IC": "Canary Islands",
	"BQ": "Caribbean Netherlands",
	"EA": "Ceuta & Melilla",
	"CX": "Christmas Island",
	"CC": "Cocos (Keeling) Islands",
	"CW": "Curaçao",
	"DG": "Diego Garcia",
	"FO": "Faroe Islands",
	"TF": "French Southern Territories",
	"GG": "Guernsey",
	"HK": "Hong Kong SAR China",
	"ZA": "Huafrika iya Hukusini",
	"AF": "Huafuganistani",
	"IS": "Huaislandi",
	"AR": "Huajendina",
	"AL": "Hualbania",
	"DZ": "Hualjelia",
	"AW": "Hualuba",
	"AM": "Huamenia",
	"AD": "Huandola",
	"AO": "Huangola",
	"AI": "Huanguila",
	"AG": "Huantigua na Hubarubuda",
	"AT": "Huastlia",
	"AU": "Huaustlalia",
	"IE": "Huayalandi",
	"AZ": "Huazabajani",
	"BB": "Hubabadosi",
	"BH": "Hubahaleni",
	"BS": "Hubahama",
	"BD": "Hubangaladeshi",
	"BY": "Hubelalusi",
	"BZ": "Hubelize",
	"BM": "Hubelmuda",
	"BJ": "Hubenini",
	"BR": "Hublazili",
	"BO": "Hubolivia",
	"BA": "Hubosinia na Huhezegovina",
	"BW": "Hubotiswana",
	"BN": "Hubrunei",
	"BF": "Hubukinafaso",
	"MG": "Hubukini",
	"BG": "Hubulgaria",
	"BI": "Huburundi",
	"BT": "Hubutani",
	"TD": "Huchadi",
	"CL": "Huchile",
	"CN": "Huchina",
	"DK": "Hudenmaki",
	"DM": "Hudominika",
	"EC": "Huekwado",
	"SV": "Huelsavado",
	"ER": "Hueritrea",
	"EE": "Huestonia",
	"AE": "Hufalme dza Hihalabu",
	"FJ": "Hufiji",
	"PH": "Hufilipino",
	"GA": "Hugaboni",
	"GM": "Hugambia",
	"GH": "Hughana",
	"GW": "Huginebisau",
	"GQ": "Huginekweta",
	"GD": "Hugrenada",
	"GY": "Huguyana",
	"GP": "Hugwadelupe",
	"GU": "Hugwam",
	"GT": "Hugwatemala",
	"GF": "Hugwiyana ya Huufaransa",
	"HT": "Huhaiti",
	"ES": "Huhispania",
	"HN": "Huhondulasi",
	"HU": "Huhungalia",
	"IQ": "Huilaki",
	"IN": "Huindia",
	"ID": "Huindonesia",
	"IL": "Huislaheli",
	"IT": "Huitalia",
	"JM": "Hujamaika",
	"JP": "Hujapani",
	"GI": "Hujiblalta",
	"DJ": "Hujibuti",
	"GN": "Hujine",
	"GL": "Hujinlandi",
	"GE": "Hujojia",
	"KH": "Hukambodia",
	"CM": "Hukameruni",
	"CA": "Hukanada",
	"QA": "Hukatali",
	"KZ": "Hukazakistani",
	"KE": "Hukenya",
	"CV": "Hukepuvede",
	"KI": "Hukilibati",
	"KG": "Hukiligizistani",
	"CI": "Hukodivaa",
	"KP": "Hukolea Kaskazini",
	"KR": "Hukolea Kusini",
	"CO": "Hukolombia",
	"KM": "Hukomoro",
	"CG": "Hukongo",
	"HR": "Hukorasia",
	"CR": "Hukostarika",
	"CU": "Hukuba",
	"CY": "Hukuprosi",
	"KW": "Hukuwaiti",
	"LA": "Hulaosi",
	"LU": "Hulasembagi",
	"LV": "Hulativia",
	"LB": "Hulebanoni",
	"LS": "Hulesoto",
	"LR": "Hulibelia",
	"LY": "Hulibiya",
	"LI": "Hulishenteni",
	"LT": "Hulitwania",
	"RE": "Huliyunioni",
	"RO": "Hulomania",
	"RW": "Hulwanda",
	"MW": "Humalawi",
	"US": "Humalekani",
	"MY": "Humalesia",
	"ML": "Humali",
	"MT": "Humalta",
	"MQ": "Humartiniki",
	"MK": "Humasedonia",
	"YT": "Humayotte",
	"MX": "Humeksiko",
	"FM": "Humikronesia",
	"EG": "Humisri",
	"MV": "Humodivu",
	"MD": "Humoldova",
	"MU": "Humolisi",
	"MR": "Humolitania",
	"MA": "Humoloko",
	"MC": "Humonako",
	"MN": "Humongolia",
	"MS": "Humontserrati",
	"MZ": "Humusumbiji",
	"MM": "Humyama",
	"NA": "Hunamibia",
	"NR": "Hunauru",
	"NP": "Hunepali",
	"NE": "Hunijeli",
	"NG": "Hunijelia",
	"NI": "Hunikaragwa",
	"NU": "Huniue",
	"NO": "Hunolwe",
	"NC": "Hunyukaledonia",
	"NZ": "Hunyuzilandi",
	"OM": "Huomani",
	"PK": "Hupakistani",
	"PY": "Hupalagwai",
	"PW": "Hupalau",
	"PA": "Hupanama",
	"PG": "Hupapua",
	"PE": "Hupelu",
	"PN": "Hupitkaini",
	"PL": "Hupolandi",
	"PF": "Hupolinesia ya Huufaransa",
	"PR": "Hupwetoriko",
	"SM": "Husamalino",
	"WS": "Husamoa",
	"AS": "Husamoa ya Humalekani",
	"SH": "Husantahelena",
	"KN": "Husantakitzi na Hunevis",
	"LC": "Husantalusia",
	"PM": "Husantapieri na Humikeloni",
	"VC": "Husantavisenti na Hugrenadini",
	"ST": "Husaotome na Huprinsipe",
	"SA": "Husaudi",
	"SN": "Husenegali",
	"SC": "Hushelisheli",
	"SL": "Husiela Lioni",
	"SY": "Husilia",
	"SG": "Husingapoo",
	"LK": "Husirilanka",
	"SK": "Huslovakia",
	"SI": "Huslovenia",
	"SO": "Husomalia",
	"SD": "Husudani",
	"SR": "Husurinamu",
	"TH": "Hutailandi",
	"TW": "Hutaiwani",
	"TJ": "Hutajikistani",
	"TZ": "Hutanzania",
	"TL": "Hutimori ya Mashariki",
	"TG": "Hutogo",
	"TK": "Hutokelau",
	"TO": "Hutonga",
	"TT": "Hutrinad na Hutobago",
	"TN": "Hutunisia",
	"TV": "Hutuvalu",
	"IR": "Huuajemi",
	"BE": "Huubelgiji",
	"FR": "Huufaransa",
	"FI": "Huufini",
	"UG": "Huuganda",
	"GR": "Huugiliki",
	"ET": "Huuhabeshi",
	"NL": "Huuholanzi",
	"GB": "Huuingereza",
	"DE": "Huujerumani",
	"UA": "Huukraini",
	"PT": "Huuleno",
	"UY": "Huulugwai",
	"RU": "Huulusi",
	"SZ": "Huuswazi",
	"SE": "Huuswidi",
	"CH": "Huuswisi",
	"TR": "Huuturuki",
	"TM": "Huuturukimenistani",
	"UZ": "Huuzibekistani",
	"VU": "Huvanuatu",
	"VA": "Huvatikani",
	"VE": "Huvenezuela",
	"VN": "Huvietinamu",
	"WF": "Huwalis na Hufutuna",
	"YE": "Huyemeni",
	"JO": "Huyolodani",
	"ZM": "Huzambia",
	"ZW": "Huzimbabwe",
	"FK": "Ifisima fya Falkland",
	"KY": "Ifisima fya Kayman",
	"CK": "Ifisima fya Kook",
	"MP": "Ifisima fya Mariana fya Hukaskazini",
	"MH": "Ifisima fya Marshal",
	"SB": "Ifisima fya Solomon",
	"TC": "Ifisima fya Turki na Kaiko",
	"VG": "Ifisima fya Virgin fya Huingereza",
	"VI": "Ifisima fya Virgin fya Humelekani",
	"NF": "Ihisima sha Norfok",
	"CF": "Ijamhuri ya Afrika ya Pagati",
	"CZ": "Ijamhuri ya Cheki",
	"CD": "Ijamhuri ya Hidemokrasi ya Hukongo",
	"DO": "Ijamhuri ya Hudominika",
	"IM": "Isle of Man",
	"JE": "Jersey",
	"XK": "Kosovo",
	"MO": "Macau SAR China",
	"ME": "Montenegro",
	"RS": "Serbia",
	"SX": "Sint Maarten",
	"GS": "South Georgia & South Sandwich Islands",
	"SS": "South Sudan",
	"BL": "St. Barthélemy",
	"MF": "St. Martin",
	"SJ": "Svalbard & Jan Mayen",
	"TA": "Tristan da Cunha",
	"UM": "U.S. Outlying Islands",
	"IO": "Ulubali lwa Hubahari ya Hindi lwa Huingereza",
	"PS": "Ulubali lwa Magharibi nu Gaza wa Hupalestina",
	"EH": "Western Sahara"
}