{
	"AX": "Åland Islands",
	"AI": "Anguilla",
	"AC": "Ascension Island",
	"BM": "Bermuda",
	"IO": "British Indian Ocean Territory",
	"VG": "British Virgin Islands",
	"BN": "Brunei",
	"IC": "Canary Islands",
	"BQ": "Caribbean Netherlands",
	"KY": "Cayman Islands",
	"EA": "Ceuta & Melilla",
	"CX": "Christmas Island",
	"CC": "Cocos (Keeling) Islands",
	"CG": "Congo - Brazzaville",
	"CK": "Cook Islands",
	"CW": "Curaçao",
	"DG": "Diego Garcia",
	"DO": "Dominican Republic",
	"GQ": "Equatorial Guinea",
	"EE": "Estonia",
	"FK": "Falkland Islands",
	"FO": "Faroe Islands",
	"GF": "French Guiana",
	"PF": "French Polynesia",
	"TF": "French Southern Territories",
	"GI": "Gibraltar",
	"GP": "Guadeloupe",
	"GG": "Guernsey",
	"HK": "Hong Kong SAR China",
	"IM": "Isle of Man",
	"JE": "Jersey",
	"KE": "Kenya",
	"XK": "Kosovo",
	"MO": "Macau SAR China",
	"MK": "Macedonia",
	"MQ": "Martinique",
	"MU": "Mauritius",
	"YT": "Mayotte",
	"MS": "Montserrat",
	"NC": "New Caledonia",
	"NG": "Nigeria",
	"NU": "Niue",
	"NF": "Norfolk Island",
	"MP": "Northern Mariana Islands",
	"PS": "Palestinian Territories",
	"PN": "Pitcairn Islands",
	"PR": "Puerto Rico",
	"RE": "Réunion",
	"SX": "Sint Maarten",
	"GS": "South Georgia & South Sandwich Islands",
	"KR": "South Korea",
	"SS": "South Sudan",
	"BL": "St. Barthélemy",
	"SH": "St. Helena",
	"MF": "St. Martin",
	"PM": "St. Pierre & Miquelon",
	"SJ": "Svalbard & Jan Mayen",
	"TL": "Timor-Leste",
	"TK": "Tokelau",
	"TA": "Tristan da Cunha",
	"TC": "Turks & Caicos Islands",
	"UM": "U.S. Outlying Islands",
	"VI": "U.S. Virgin Islands",
	"VE": "Venezuela",
	"WF": "Wallis & Futuna",
	"EH": "Western Sahara",
	"AW": "ئارووبا",
	"AZ": "ئازەربایجان",
	"AQ": "ئانتارکتیکا",
	"AG": "ئانتیگوا و باربودا",
	"AD": "ئاندۆرا",
	"IS": "ئایسلەند",
	"ET": "ئەتیۆپیا",
	"AR": "ئەرژەنتین",
	"AM": "ئەرمەنستان",
	"ER": "ئەریتریا",
	"ZA": "ئەفریقای باشوور",
	"AF": "ئەفغانستان",
	"AL": "ئەڵبانیا",
	"DE": "ئەڵمانیا",
	"AO": "ئەنگۆلا",
	"JO": "ئوردن",
	"UY": "ئوروگوای",
	"UZ": "ئوزبەکستان",
	"AU": "ئوسترالیا",
	"UG": "ئوگاندا",
	"UA": "ئۆکرانیا",
	"IT": "ئیتاڵی",
	"IE": "ئیرلەند",
	"ES": "ئیسپانیا",
	"IL": "ئیسرائیل",
	"EC": "ئیکوادۆر",
	"ID": "ئیندۆنیزیا",
	"IR": "ئێران",
	"SV": "ئێلسالڤادۆر",
	"BB": "باربادۆس",
	"BR": "برازیل",
	"BH": "بەحرەین",
	"BE": "بەلژیک",
	"BZ": "بەلیز",
	"BD": "بەنگلادیش",
	"BS": "بەھاما",
	"BF": "بورکینافاسۆ",
	"BI": "بوروندی",
	"BG": "بولگاریا",
	"BT": "بووتان",
	"BW": "بۆتسوانا",
	"BA": "بۆسنیا و ھەرزەگۆڤینا",
	"BO": "بۆلیڤیا",
	"BY": "بیلاڕووس",
	"BJ": "بێنین",
	"PG": "پاپوا گینێی نوێ",
	"PY": "پاراگوای",
	"PK": "پاکستان",
	"PW": "پالاو",
	"PA": "پاناما",
	"PT": "پورتوگال",
	"PL": "پۆڵەندا",
	"PE": "پیروو",
	"TJ": "تاجیکستان",
	"TZ": "تانزانیا",
	"TH": "تایلەند",
	"TW": "تایوان",
	"TT": "ترینیداد و تۆباگو",
	"TM": "تورکمانستان",
	"TR": "تورکیا",
	"TV": "تووڤالوو",
	"TN": "توونس",
	"TG": "تۆگۆ",
	"TO": "تۆنگا",
	"JM": "جامایکا",
	"DZ": "جەزایر",
	"DJ": "جیبووتی",
	"TD": "چاد",
	"CL": "چیلی",
	"CN": "چین",
	"DK": "دانمارک",
	"SB": "دوورگەکانی سلێمان",
	"KM": "دوورگەکانی کۆمۆر",
	"MH": "دوورگەکانی مارشاڵ",
	"DM": "دۆمینیکا",
	"ZM": "زامبیا",
	"ZW": "زیمبابوی",
	"RW": "ڕواندا",
	"RU": "ڕووسیا",
	"RO": "ڕۆمانیا",
	"JP": "ژاپۆن",
	"WS": "ساموا",
	"AS": "ساموای ئەمەریکایی",
	"SM": "سان مارینۆ",
	"ST": "ساوتۆمێ و پرینسیپی",
	"RS": "سربیا",
	"LK": "سریلانکا",
	"SK": "سلۆڤاکیا",
	"SI": "سلۆڤێنیا",
	"VC": "سەینت ڤینسەنت و گرینادینز",
	"KN": "سەینت کیتس و نیڤیس",
	"LC": "سەینت لووسیا",
	"SZ": "سوازیلاند",
	"SR": "سورینام",
	"SD": "سوودان",
	"SY": "سووریا",
	"SE": "سوید",
	"CH": "سویسرا",
	"SO": "سۆمالیا",
	"SC": "سیشێل",
	"SG": "سینگاپور",
	"SN": "سینیگال",
	"SL": "سیەرالیۆن",
	"GB": "شانشینی یەکگرتوو",
	"SA": "عەرەبستانی سەعوودی",
	"OM": "عومان",
	"IQ": "عێراق",
	"GH": "غەنا",
	"PH": "فلیپین",
	"FR": "فەڕەنسا",
	"FJ": "فیجی",
	"FI": "فینلاند",
	"VA": "ڤاتیکان",
	"VU": "ڤانوواتوو",
	"VN": "ڤیەتنام",
	"KG": "قرغیزستان",
	"QA": "قەتەر",
	"CY": "قیبرس",
	"KZ": "کازاخستان",
	"CM": "کامیرۆن",
	"CA": "کانەدا",
	"HR": "کرۆواتیا",
	"KH": "کەمبۆدیا",
	"CV": "کەیپڤەرد",
	"KW": "کوەیت",
	"CU": "کووبا",
	"CI": "کۆتدیڤوار",
	"KP": "کۆریای باکوور",
	"CR": "کۆستاریکا",
	"CO": "کۆلۆمبیا",
	"CF": "کۆماری ئەفریقای ناوەڕاست",
	"CZ": "کۆماری چیک",
	"CD": "کۆنگۆ کینشاسا",
	"KI": "کیریباس",
	"GA": "گابۆن",
	"GM": "گامبیا",
	"GD": "گرینادا",
	"GL": "گرینلاند",
	"GT": "گواتیمالا",
	"GU": "گوام",
	"GE": "گورجستان",
	"GY": "گویانا",
	"GN": "گینێ",
	"GW": "گینێ بیساو",
	"LV": "لاتڤیا",
	"LA": "لاوس",
	"LS": "لەسۆتۆ",
	"LB": "لوبنان",
	"LU": "لوکسەمبورگ",
	"LR": "لیبەریا",
	"LY": "لیبیا",
	"LT": "لیتوانایا",
	"LI": "لیختنشتاین",
	"MG": "ماداگاسکار",
	"MW": "مالاوی",
	"MV": "مالدیڤ",
	"ML": "مالی",
	"MY": "مالیزیا",
	"MT": "ماڵتا",
	"FM": "مایکرۆنیزیا",
	"HU": "مەجارستان",
	"MA": "مەغریب",
	"MX": "مەکسیک",
	"MN": "مەنگۆلیا",
	"MR": "مۆریتانیا",
	"MZ": "مۆزامبیک",
	"MD": "مۆلدۆڤا",
	"MC": "مۆناکۆ",
	"ME": "مۆنتینیگرۆ",
	"MM": "میانمار",
	"AE": "میرنشینە یەکگرتووە عەرەبییەکان",
	"EG": "میسر",
	"NR": "نائوروو",
	"NA": "نامیبیا",
	"AT": "نەمسا",
	"NO": "نۆرویژ",
	"NP": "نیپال",
	"NE": "نیجەر",
	"NI": "نیکاراگوا",
	"NZ": "نیوزیلاند",
	"HT": "ھایتی",
	"NL": "ھۆڵەندا",
	"HN": "ھۆندووراس",
	"IN": "ھیندستان",
	"US": "ویلایەتە یەکگرتووەکان",
	"YE": "یەمەن",
	"GR": "یۆنان"
}