{
	"AF": "Afghanistan",
	"EG": "Ägypten",
	"AX": "Ålandinseln",
	"AL": "Albanien",
	"DZ": "Algerien",
	"AS": "Amerikanisch-Samoa",
	"VI": "Amerikanische Jungferninseln",
	"UM": "Amerikanische Überseeinseln",
	"AD": "Andorra",
	"AO": "Angola",
	"AI": "Anguilla",
	"AQ": "Antarktis",
	"AG": "Antigua und Barbuda",
	"GQ": "Äquatorialguinea",
	"AR": "Argentinien",
	"AM": "Armenien",
	"AW": "Aruba",
	"AC": "Ascension",
	"AZ": "Aserbaidschan",
	"ET": "Äthiopien",
	"AU": "Australien",
	"BS": "Bahamas",
	"BH": "Bahrain",
	"BD": "Bangladesch",
	"BB": "Barbados",
	"BE": "Belgien",
	"BZ": "Belize",
	"BJ": "Benin",
	"BM": "Bermuda",
	"BT": "Bhutan",
	"BO": "Bolivien",
	"BQ": "Bonaire, Sint Eustatius und Saba",
	"BA": "Bosnien und Herzegowina",
	"BW": "Botswana",
	"BR": "Brasilien",
	"VG": "Britische Jungferninseln",
	"IO": "Britisches Territorium im Indischen Ozean",
	"BN": "Brunei",
	"BG": "Bulgarien",
	"BF": "Burkina Faso",
	"BI": "Burundi",
	"EA": "Ceuta und Melilla",
	"CL": "Chile",
	"CN": "China",
	"CK": "Cookinseln",
	"CR": "Costa Rica",
	"CI": "Côte d’Ivoire",
	"CW": "Curaçao",
	"DK": "Dänemark",
	"DE": "Deutschland",
	"DG": "Diego Garcia",
	"DM": "Dominica",
	"DO": "Dominikanische Republik",
	"DJ": "Dschibuti",
	"EC": "Ecuador",
	"SV": "El Salvador",
	"ER": "Eritrea",
	"EE": "Estland",
	"FK": "Falklandinseln",
	"FO": "Färöer",
	"FJ": "Fidschi",
	"FI": "Finnland",
	"FR": "Frankreich",
	"GF": "Französisch-Guayana",
	"PF": "Französisch-Polynesien",
	"TF": "Französische Süd- und Antarktisgebiete",
	"GA": "Gabun",
	"GM": "Gambia",
	"GE": "Georgien",
	"GH": "Ghana",
	"GI": "Gibraltar",
	"GD": "Grenada",
	"GR": "Griechenland",
	"GL": "Grönland",
	"GB": "Grossbritannien",
	"GP": "Guadeloupe",
	"GU": "Guam",
	"GT": "Guatemala",
	"GG": "Guernsey",
	"GN": "Guinea",
	"GW": "Guinea-Bissau",
	"GY": "Guyana",
	"HT": "Haiti",
	"HN": "Honduras",
	"IN": "Indien",
	"ID": "Indonesien",
	"IQ": "Irak",
	"IR": "Iran",
	"IE": "Irland",
	"IS": "Island",
	"IM": "Isle of Man",
	"IL": "Israel",
	"IT": "Italien",
	"JM": "Jamaika",
	"JP": "Japan",
	"YE": "Jemen",
	"JE": "Jersey",
	"JO": "Jordanien",
	"KY": "Kaimaninseln",
	"KH": "Kambodscha",
	"CM": "Kamerun",
	"CA": "Kanada",
	"IC": "Kanarische Inseln",
	"CV": "Kapverden",
	"KZ": "Kasachstan",
	"QA": "Katar",
	"KE": "Kenia",
	"KG": "Kirgisistan",
	"KI": "Kiribati",
	"CC": "Kokosinseln",
	"CO": "Kolumbien",
	"KM": "Komoren",
	"CG": "Kongo-Brazzaville",
	"CD": "Kongo-Kinshasa",
	"XK": "Kosovo",
	"HR": "Kroatien",
	"CU": "Kuba",
	"KW": "Kuwait",
	"LA": "Laos",
	"LS": "Lesotho",
	"LV": "Lettland",
	"LB": "Libanon",
	"LR": "Liberia",
	"LY": "Libyen",
	"LI": "Liechtenstein",
	"LT": "Litauen",
	"LU": "Luxemburg",
	"MG": "Madagaskar",
	"MW": "Malawi",
	"MY": "Malaysia",
	"MV": "Malediven",
	"ML": "Mali",
	"MT": "Malta",
	"MA": "Marokko",
	"MH": "Marshallinseln",
	"MQ": "Martinique",
	"MR": "Mauretanien",
	"MU": "Mauritius",
	"YT": "Mayotte",
	"MK": "Mazedonien",
	"MX": "Mexiko",
	"FM": "Mikronesien",
	"MC": "Monaco",
	"MN": "Mongolei",
	"ME": "Montenegro",
	"MS": "Montserrat",
	"MZ": "Mosambik",
	"MM": "Myanmar",
	"NA": "Namibia",
	"NR": "Nauru",
	"NP": "Nepal",
	"NC": "Neukaledonien",
	"NZ": "Neuseeland",
	"NI": "Nicaragua",
	"NL": "Niederlande",
	"NE": "Niger",
	"NG": "Nigeria",
	"NU": "Niue",
	"KP": "Nordkorea",
	"MP": "Nördliche Marianen",
	"NF": "Norfolkinsel",
	"NO": "Norwegen",
	"OM": "Oman",
	"AT": "Österreich",
	"TL": "Osttimor",
	"PK": "Pakistan",
	"PS": "Palästinensische Autonomiegebiete",
	"PW": "Palau",
	"PA": "Panama",
	"PG": "Papua-Neuguinea",
	"PY": "Paraguay",
	"PE": "Peru",
	"PH": "Philippinen",
	"PN": "Pitcairninseln",
	"PL": "Polen",
	"PT": "Portugal",
	"PR": "Puerto Rico",
	"MD": "Republik Moldau",
	"RE": "Réunion",
	"RW": "Ruanda",
	"RO": "Rumänien",
	"RU": "Russland",
	"SB": "Salomon-Inseln",
	"ZM": "Sambia",
	"WS": "Samoa",
	"SM": "San Marino",
	"ST": "São Tomé und Príncipe",
	"SA": "Saudi-Arabien",
	"SE": "Schweden",
	"CH": "Schweiz",
	"SN": "Senegal",
	"RS": "Serbien",
	"SC": "Seychellen",
	"SL": "Sierra Leone",
	"SG": "Singapur",
	"SX": "Sint Maarten",
	"SK": "Slowakei",
	"SI": "Slowenien",
	"SO": "Somalia",
	"HK": "Sonderverwaltungsregion Hongkong",
	"MO": "Sonderverwaltungsregion Macau",
	"ES": "Spanien",
	"SJ": "Spitzbergen und Jan Mayen",
	"LK": "Sri Lanka",
	"BL": "St. Barthélemy",
	"SH": "St. Helena",
	"KN": "St. Kitts und Nevis",
	"LC": "St. Lucia",
	"MF": "St. Martin",
	"PM": "St. Pierre und Miquelon",
	"VC": "St. Vincent und die Grenadinen",
	"ZA": "Südafrika",
	"SD": "Sudan",
	"GS": "Südgeorgien und die Südlichen Sandwichinseln",
	"KR": "Südkorea",
	"SS": "Südsudan",
	"SR": "Suriname",
	"SZ": "Swasiland",
	"SY": "Syrien",
	"TJ": "Tadschikistan",
	"TW": "Taiwan",
	"TZ": "Tansania",
	"TH": "Thailand",
	"TG": "Togo",
	"TK": "Tokelau",
	"TO": "Tonga",
	"TT": "Trinidad und Tobago",
	"TA": "Tristan da Cunha",
	"TD": "Tschad",
	"CZ": "Tschechien",
	"TN": "Tunesien",
	"TR": "Türkei",
	"TM": "Turkmenistan",
	"TC": "Turks- und Caicosinseln",
	"TV": "Tuvalu",
	"UG": "Uganda",
	"UA": "Ukraine",
	"HU": "Ungarn",
	"UY": "Uruguay",
	"UZ": "Usbekistan",
	"VU": "Vanuatu",
	"VA": "Vatikanstadt",
	"VE": "Venezuela",
	"AE": "Vereinigte Arabische Emirate",
	"US": "Vereinigte Staaten",
	"VN": "Vietnam",
	"WF": "Wallis und Futuna",
	"CX": "Weihnachtsinsel",
	"BY": "Weissrussland",
	"EH": "Westsahara",
	"CF": "Zentralafrikanische Republik",
	"ZW": "Zimbabwe",
	"CY": "Zypern"
}