{
	"AF": "Afganistan",
	"AX": "Ahvenanmaa",
	"NL": "Alankomaat",
	"AL": "Albania",
	"DZ": "Algeria",
	"AS": "Amerikan Samoa",
	"AD": "Andorra",
	"AO": "Angola",
	"AI": "Anguilla",
	"AQ": "Antarktis",
	"AG": "Antigua ja Barbuda",
	"AE": "Arabiemiirikunnat",
	"AR": "Argentiina",
	"AM": "Armenia",
	"AW": "Aruba",
	"AC": "Ascension-saari",
	"AU": "Australia",
	"AZ": "Azerbaidžan",
	"BS": "Bahama",
	"BH": "Bahrain",
	"BD": "Bangladesh",
	"BB": "Barbados",
	"BE": "Belgia",
	"BZ": "Belize",
	"BJ": "Benin",
	"BM": "Bermuda",
	"BT": "Bhutan",
	"BO": "Bolivia",
	"BA": "Bosnia ja Hertsegovina",
	"BW": "Botswana",
	"BR": "Brasilia",
	"IO": "Brittiläinen Intian valtameren alue",
	"VG": "Brittiläiset Neitsytsaaret",
	"BN": "Brunei",
	"BG": "Bulgaria",
	"BF": "Burkina Faso",
	"BI": "Burundi",
	"KY": "Caymansaaret",
	"EA": "Ceuta ja Melilla",
	"CL": "Chile",
	"CK": "Cookinsaaret",
	"CR": "Costa Rica",
	"CW": "Curaçao",
	"DG": "Diego Garcia",
	"DJ": "Djibouti",
	"DM": "Dominica",
	"DO": "Dominikaaninen tasavalta",
	"EC": "Ecuador",
	"EG": "Egypti",
	"SV": "El Salvador",
	"ER": "Eritrea",
	"ES": "Espanja",
	"ZA": "Etelä-Afrikka",
	"GS": "Etelä-Georgia ja Eteläiset Sandwichsaaret",
	"KR": "Etelä-Korea",
	"SS": "Etelä-Sudan",
	"ET": "Etiopia",
	"FK": "Falklandinsaaret",
	"FJ": "Fidži",
	"PH": "Filippiinit",
	"FO": "Färsaaret",
	"GA": "Gabon",
	"GM": "Gambia",
	"GE": "Georgia",
	"GH": "Ghana",
	"GI": "Gibraltar",
	"GD": "Grenada",
	"GL": "Grönlanti",
	"GP": "Guadeloupe",
	"GU": "Guam",
	"GT": "Guatemala",
	"GG": "Guernsey",
	"GN": "Guinea",
	"GW": "Guinea-Bissau",
	"GY": "Guyana",
	"HT": "Haiti",
	"HN": "Honduras",
	"HK": "Hongkong – Kiinan e.h.a.",
	"SJ": "Huippuvuoret ja Jan Mayen",
	"ID": "Indonesia",
	"IN": "Intia",
	"IQ": "Irak",
	"IR": "Iran",
	"IE": "Irlanti",
	"IS": "Islanti",
	"GB": "Iso-Britannia",
	"IL": "Israel",
	"IT": "Italia",
	"TL": "Itä-Timor",
	"AT": "Itävalta",
	"JM": "Jamaika",
	"JP": "Japani",
	"YE": "Jemen",
	"JE": "Jersey",
	"JO": "Jordania",
	"CX": "Joulusaari",
	"KH": "Kambodža",
	"CM": "Kamerun",
	"CA": "Kanada",
	"IC": "Kanariansaaret",
	"CV": "Kap Verde",
	"BQ": "Karibian Alankomaat",
	"KZ": "Kazakstan",
	"KE": "Kenia",
	"CF": "Keski-Afrikan tasavalta",
	"CN": "Kiina",
	"KG": "Kirgisia",
	"KI": "Kiribati",
	"CO": "Kolumbia",
	"KM": "Komorit",
	"CD": "Kongon demokraattinen tasavalta",
	"CG": "Kongon tasavalta",
	"CC": "Kookossaaret (Keelingsaaret)",
	"XK": "Kosovo",
	"GR": "Kreikka",
	"HR": "Kroatia",
	"CU": "Kuuba",
	"KW": "Kuwait",
	"CY": "Kypros",
	"LA": "Laos",
	"LV": "Latvia",
	"LS": "Lesotho",
	"LB": "Libanon",
	"LR": "Liberia",
	"LY": "Libya",
	"LI": "Liechtenstein",
	"LT": "Liettua",
	"LU": "Luxemburg",
	"EH": "Länsi-Sahara",
	"MO": "Macao – Kiinan e.h.a.",
	"MG": "Madagaskar",
	"MK": "Makedonia",
	"MW": "Malawi",
	"MV": "Malediivit",
	"MY": "Malesia",
	"ML": "Mali",
	"MT": "Malta",
	"IM": "Mansaari",
	"MA": "Marokko",
	"MH": "Marshallinsaaret",
	"MQ": "Martinique",
	"MR": "Mauritania",
	"MU": "Mauritius",
	"YT": "Mayotte",
	"MX": "Meksiko",
	"FM": "Mikronesian liittovaltio",
	"MD": "Moldova",
	"MC": "Monaco",
	"MN": "Mongolia",
	"ME": "Montenegro",
	"MS": "Montserrat",
	"MZ": "Mosambik",
	"MM": "Myanmar (Burma)",
	"NA": "Namibia",
	"NR": "Nauru",
	"NP": "Nepal",
	"NI": "Nicaragua",
	"NE": "Niger",
	"NG": "Nigeria",
	"NU": "Niue",
	"NF": "Norfolkinsaari",
	"NO": "Norja",
	"CI": "Norsunluurannikko",
	"OM": "Oman",
	"PK": "Pakistan",
	"PW": "Palau",
	"PS": "Palestiinalaisalueet",
	"PA": "Panama",
	"PG": "Papua-Uusi-Guinea",
	"PY": "Paraguay",
	"PE": "Peru",
	"PN": "Pitcairn",
	"KP": "Pohjois-Korea",
	"MP": "Pohjois-Mariaanit",
	"PT": "Portugali",
	"PR": "Puerto Rico",
	"PL": "Puola",
	"GQ": "Päiväntasaajan Guinea",
	"QA": "Qatar",
	"FR": "Ranska",
	"TF": "Ranskan eteläiset alueet",
	"GF": "Ranskan Guayana",
	"PF": "Ranskan Polynesia",
	"RE": "Réunion",
	"RO": "Romania",
	"RW": "Ruanda",
	"SE": "Ruotsi",
	"SH": "Saint Helena",
	"KN": "Saint Kitts ja Nevis",
	"LC": "Saint Lucia",
	"VC": "Saint Vincent ja Grenadiinit",
	"BL": "Saint-Barthélemy",
	"MF": "Saint-Martin",
	"PM": "Saint-Pierre ja Miquelon",
	"DE": "Saksa",
	"SB": "Salomonsaaret",
	"ZM": "Sambia",
	"WS": "Samoa",
	"SM": "San Marino",
	"ST": "São Tomé ja Príncipe",
	"SA": "Saudi-Arabia",
	"SN": "Senegal",
	"RS": "Serbia",
	"SC": "Seychellit",
	"SL": "Sierra Leone",
	"SG": "Singapore",
	"SX": "Sint Maarten",
	"SK": "Slovakia",
	"SI": "Slovenia",
	"SO": "Somalia",
	"LK": "Sri Lanka",
	"SD": "Sudan",
	"FI": "Suomi",
	"SR": "Suriname",
	"CH": "Sveitsi",
	"SZ": "Swazimaa",
	"SY": "Syyria",
	"TJ": "Tadžikistan",
	"TW": "Taiwan",
	"TZ": "Tansania",
	"DK": "Tanska",
	"TH": "Thaimaa",
	"TG": "Togo",
	"TK": "Tokelau",
	"TO": "Tonga",
	"TT": "Trinidad ja Tobago",
	"TA": "Tristan da Cunha",
	"TD": "Tšad",
	"CZ": "Tšekki",
	"TN": "Tunisia",
	"TR": "Turkki",
	"TM": "Turkmenistan",
	"TC": "Turks- ja Caicossaaret",
	"TV": "Tuvalu",
	"UG": "Uganda",
	"UA": "Ukraina",
	"HU": "Unkari",
	"UY": "Uruguay",
	"NC": "Uusi-Kaledonia",
	"NZ": "Uusi-Seelanti",
	"UZ": "Uzbekistan",
	"BY": "Valko-Venäjä",
	"VU": "Vanuatu",
	"VA": "Vatikaani",
	"VE": "Venezuela",
	"RU": "Venäjä",
	"VN": "Vietnam",
	"EE": "Viro",
	"WF": "Wallis ja Futuna",
	"US": "Yhdysvallat",
	"UM": "Yhdysvaltain erillissaaret",
	"VI": "Yhdysvaltain Neitsytsaaret",
	"ZW": "Zimbabwe"
}