{
	"AZ": "Acerbaixán",
	"AF": "Afganistán",
	"AL": "Albania",
	"DE": "Alemaña",
	"DZ": "Alxeria",
	"AD": "Andorra",
	"AO": "Angola",
	"AI": "Anguila",
	"AQ": "Antártida",
	"AG": "Antiga e Barbuda",
	"SA": "Arabia Saudita",
	"AM": "Armenia",
	"AW": "Aruba",
	"AR": "Arxentina",
	"AU": "Australia",
	"AT": "Austria",
	"BS": "Bahamas",
	"BH": "Bahrain",
	"BD": "Bangladesh",
	"BB": "Barbados",
	"BZ": "Belize",
	"BE": "Bélxica",
	"BJ": "Benin",
	"BM": "Bermudas",
	"BY": "Bielorrusia",
	"BO": "Bolivia",
	"BA": "Bosnia e Hercegovina",
	"BW": "Botswana",
	"BR": "Brasil",
	"BN": "Brunei",
	"BG": "Bulgaria",
	"BF": "Burkina Faso",
	"BI": "Burundi",
	"BT": "Bután",
	"CV": "Cabo Verde",
	"KH": "Cambodja",
	"CM": "Camerún",
	"CA": "Canadá",
	"BQ": "Caribe Neerlandés",
	"KZ": "Casaquistán",
	"EA": "Ceuta e Melilla",
	"TD": "Chad",
	"CZ": "Chequia",
	"CL": "Chile",
	"CN": "China",
	"CY": "Chipre",
	"VA": "Cidade do Vaticano",
	"CO": "Colombia",
	"KM": "Comores",
	"KP": "Corea do Norte",
	"KR": "Corea do Sur",
	"CI": "Costa do Marfil",
	"CR": "Costa Rica",
	"HR": "Croacia",
	"CU": "Cuba",
	"CW": "Curaçao",
	"DG": "Diego García",
	"DK": "Dinamarca",
	"DJ": "Djibuti",
	"DM": "Dominica",
	"EC": "Ecuador",
	"AE": "Emiratos Árabes Unidos",
	"ER": "Eritrea",
	"SK": "Eslovaquia",
	"SI": "Eslovenia",
	"ES": "España",
	"US": "Estados Unidos de América",
	"EE": "Estonia",
	"ET": "Etiopía",
	"EG": "Exipto",
	"FJ": "Fidxi",
	"PH": "Filipinas",
	"FI": "Finlandia",
	"FR": "Francia",
	"GA": "Gabón",
	"GM": "Gambia",
	"GH": "Ghana",
	"GD": "Granada",
	"GR": "Grecia",
	"GL": "Groenlandia",
	"GP": "Guadalupe",
	"GU": "Guam",
	"GT": "Guatemala",
	"GG": "Guernsey",
	"GY": "Güiana",
	"GF": "Güiana Francesa",
	"GN": "Guinea",
	"GQ": "Guinea Ecuatorial",
	"GW": "Guinea-Bissau",
	"HT": "Haití",
	"HN": "Honduras",
	"HK": "Hong Kong RAE da China",
	"HU": "Hungría",
	"YE": "Iemen",
	"AC": "Illa de Ascensión",
	"IM": "Illa de Man",
	"CX": "Illa de Nadal",
	"NF": "Illa Norfolk",
	"AX": "Illas Aland",
	"KY": "Illas Caimán",
	"IC": "Illas Canarias",
	"CC": "Illas Cocos (Keeling)",
	"CK": "Illas Cook",
	"FO": "Illas Feroe",
	"FK": "Illas Malvinas",
	"MP": "Illas Marianas do Norte",
	"MH": "Illas Marshall",
	"PN": "Illas Pitcairn",
	"SB": "Illas Salomón",
	"TC": "Illas Turks e Caicos",
	"UM": "Illas Ultramarinas dos EUA",
	"VG": "Illas Virxes Británicas",
	"VI": "Illas Virxes Estadounidenses",
	"GS": "Illas Xeorxia do Sur e Sandwich do Sur",
	"IN": "India",
	"ID": "Indonesia",
	"IR": "Irán",
	"IQ": "Iraq",
	"IE": "Irlanda",
	"IS": "Islandia",
	"IL": "Israel",
	"IT": "Italia",
	"JE": "Jersey",
	"KE": "Kenya",
	"KG": "Kirguizistán",
	"KI": "Kiribati",
	"XK": "Kosovo",
	"KW": "Kuwait",
	"LA": "Laos",
	"LS": "Lesoto",
	"LV": "Letonia",
	"LB": "Líbano",
	"LR": "Liberia",
	"LY": "Libia",
	"LI": "Liechtenstein",
	"LT": "Lituania",
	"LU": "Luxemburgo",
	"MO": "Macau RAE da China",
	"MK": "Macedonia",
	"MG": "Madagascar",
	"MY": "Malaisia",
	"MW": "Malawi",
	"MV": "Maldivas",
	"ML": "Malí",
	"MT": "Malta",
	"MA": "Marrocos",
	"MQ": "Martinica",
	"MU": "Mauricio",
	"MR": "Mauritania",
	"YT": "Mayotte",
	"MX": "México",
	"FM": "Micronesia",
	"MD": "Moldavia",
	"MC": "Mónaco",
	"MN": "Mongolia",
	"ME": "Montenegro",
	"MS": "Montserrat",
	"MZ": "Mozambique",
	"MM": "Myanmar (Birmania)",
	"NA": "Namibia",
	"NR": "Nauru",
	"NP": "Nepal",
	"NI": "Nicaragua",
	"NU": "Niue",
	"NE": "Níxer",
	"NG": "Nixeria",
	"NO": "Noruega",
	"NC": "Nova Caledonia",
	"NZ": "Nova Zelandia",
	"SV": "O Salvador",
	"OM": "Omán",
	"NL": "Países Baixos",
	"PW": "Palau",
	"PA": "Panamá",
	"PG": "Papúa-Nova Guinea",
	"PK": "Paquistán",
	"PY": "Paraguai",
	"PE": "Perú",
	"PF": "Polinesia Francesa",
	"PL": "Polonia",
	"PR": "Porto Rico",
	"PT": "Portugal",
	"QA": "Qatar",
	"GB": "Reino Unido",
	"CF": "República Centroafricana",
	"CD": "República Democrática do Congo",
	"CG": "República do Congo",
	"DO": "República Dominicana",
	"RE": "Reunión",
	"RO": "Romanía",
	"RW": "Ruanda",
	"RU": "Rusia",
	"EH": "Sáhara Occidental",
	"KN": "Saint Kitts e Nevis",
	"BL": "Saint-Barthélemy",
	"MF": "Saint-Martin",
	"PM": "Saint-Pierre-et-Miquelon",
	"WS": "Samoa",
	"AS": "Samoa Americana",
	"SM": "San Marino",
	"ST": "San Tomé e Príncipe",
	"VC": "San Vicente e As Granadinas",
	"SH": "Santa Helena",
	"LC": "Santa Lucía",
	"SN": "Senegal",
	"RS": "Serbia",
	"SL": "Serra Leoa",
	"SC": "Seychelles",
	"SG": "Singapur",
	"SX": "Sint Maarten",
	"SY": "Siria",
	"SO": "Somalia",
	"LK": "Sri Lanka",
	"SD": "Sudán",
	"SS": "Sudán do Sur",
	"SE": "Suecia",
	"CH": "Suíza",
	"ZA": "Suráfrica",
	"SR": "Suriname",
	"SJ": "Svalbard e Jan Mayen",
	"SZ": "Swazilandia",
	"TH": "Tailandia",
	"TW": "Taiwán",
	"TZ": "Tanzania",
	"TJ": "Taxiquistán",
	"IO": "Territorio Británico do Océano Índico",
	"TF": "Territorios Austrais Franceses",
	"PS": "Territorios Palestinos",
	"TL": "Timor Leste",
	"TG": "Togo",
	"TK": "Tokelau",
	"TO": "Tonga",
	"TT": "Trinidad e Tobago",
	"TA": "Tristán da Cunha",
	"TN": "Tunisia",
	"TM": "Turcomenistán",
	"TR": "Turquía",
	"TV": "Tuvalu",
	"UA": "Ucraína",
	"UG": "Uganda",
	"UY": "Uruguai",
	"UZ": "Uzbequistán",
	"VU": "Vanuatu",
	"VE": "Venezuela",
	"VN": "Vietnam",
	"WF": "Wallis e Futuna",
	"JM": "Xamaica",
	"JP": "Xapón",
	"GE": "Xeorxia",
	"GI": "Xibraltar",
	"JO": "Xordania",
	"ZM": "Zambia",
	"ZW": "Zimbabwe"
}