{
	"AF": "Afɣanistan",
	"IO": "Akal Aglizi deg Ugaraw Ahendi",
	"AX": "Åland Islands",
	"AQ": "Antarctica",
	"AR": "Arjuntin",
	"AM": "Arminya",
	"AW": "Aruba",
	"AC": "Ascension Island",
	"VA": "Awanek n Vatikan",
	"AZ": "Azrabijan",
	"BS": "Bahamas",
	"BH": "Baḥrin",
	"BD": "Bangladac",
	"BB": "Barbadus",
	"BE": "Belǧik",
	"BM": "Bermuda",
	"BT": "Bhutan",
	"BY": "Bilarus",
	"BZ": "Biliz",
	"BJ": "Binin",
	"BR": "Brizil",
	"BN": "Bruney",
	"BG": "Bulgari",
	"BO": "Bulivi",
	"BI": "Burandi",
	"BF": "Burkina Fasu",
	"BA": "Busna d Hersek",
	"BW": "Bustwana",
	"TD": "Čad",
	"KH": "Cambudya",
	"IC": "Canary Islands",
	"BQ": "Caribbean Netherlands",
	"CZ": "Čček",
	"EA": "Ceuta & Melilla",
	"CX": "Christmas Island",
	"CL": "Cili",
	"CY": "Cipr",
	"CC": "Cocos (Keeling) Islands",
	"CW": "Curaçao",
	"DK": "Denmark",
	"DG": "Diego Garcia",
	"DM": "Duminik",
	"OM": "Ɛuman",
	"PS": "Falisṭin d Ɣezza",
	"FO": "Faroe Islands",
	"FJ": "Fiji",
	"PH": "Filipin",
	"FI": "Finlund",
	"FR": "Fransa",
	"TF": "French Southern Territories",
	"GA": "Gabun",
	"GM": "Gambya",
	"DJ": "Ǧibuti",
	"GD": "Grunad",
	"GL": "Grunland",
	"GG": "Guernsey",
	"GY": "Guwana",
	"GP": "Gwadalupi",
	"GU": "Gwam",
	"GT": "Gwatimala",
	"GH": "Ɣana",
	"GF": "Ɣana tafransist",
	"GN": "Ɣinya",
	"PG": "Ɣinya Tamaynut Tapaput",
	"GQ": "Ɣinya Tasebgast",
	"GW": "Ɣinya-Bisaw",
	"HT": "Hayti",
	"HK": "Hong Kong SAR China",
	"HN": "Hunduras",
	"HU": "Hungri",
	"EC": "Ikwaṭur",
	"ID": "Indunizi",
	"IR": "Iran",
	"ER": "Iritiria",
	"IS": "Island",
	"IM": "Isle of Man",
	"EE": "Istunya",
	"IL": "Izrayil",
	"JM": "Jamyika",
	"JP": "Jappu",
	"JE": "Jersey",
	"GI": "Jibraltar",
	"GE": "Jiyurji",
	"NC": "Kalidunya Tamaynut",
	"CM": "Kamirun",
	"CA": "Kanada",
	"KZ": "Kazaxistan",
	"HR": "Kerwasya",
	"KE": "Kinya",
	"KI": "Kiribati",
	"KG": "Kirigistan",
	"XK": "Kosovo",
	"CU": "Kuba",
	"CO": "Kulumbi",
	"KM": "Kumur",
	"CG": "Kungu",
	"KP": "Kurya, Ufella",
	"KR": "Kurya, Wadda",
	"CR": "Kusta Rika",
	"CI": "Kuṭ Divwar",
	"KW": "Kuwayt",
	"CN": "Lacin",
	"GR": "Lagris",
	"JO": "Lajurdani",
	"AL": "Lalbani",
	"DE": "Lalman",
	"LV": "Latvia",
	"LA": "Laws",
	"LI": "Layctenstan",
	"DZ": "Lezzayer",
	"IQ": "Lɛiraq",
	"IN": "Lhend",
	"LR": "Libirya",
	"LY": "Libya",
	"IE": "Lirlund",
	"LT": "Liṭwanya",
	"LS": "Lizuṭu",
	"MA": "Lmerruk",
	"LB": "Lubnan",
	"LU": "Luksamburg",
	"YE": "Lyamen",
	"MO": "Macau SAR China",
	"MG": "Madaɣecqer",
	"MW": "Malawi",
	"MV": "Maldib",
	"ML": "Mali",
	"MY": "Malizya",
	"MT": "Malṭ",
	"MQ": "Martinik",
	"MK": "Masidwan",
	"EG": "Maṣr",
	"YT": "Mayuṭ",
	"MX": "Meksik",
	"FM": "Mikrunizya",
	"ME": "Montenegro",
	"MD": "Muldabi",
	"MC": "Munaku",
	"MN": "Mungulya",
	"MS": "Munsirat",
	"MU": "Muris",
	"MR": "Muriṭanya",
	"MZ": "Muzembiq",
	"MM": "Myanmar",
	"NA": "Namibya",
	"NE": "Nijer",
	"NG": "Nijirya",
	"NI": "Nikaragwa",
	"NP": "Nipal",
	"NU": "Niwi",
	"NR": "Nuru",
	"NO": "Nurvij",
	"PK": "Pakistan",
	"PW": "Palu",
	"PA": "Panam",
	"PY": "Paragway",
	"PE": "Piru",
	"PN": "Pitkarin",
	"PL": "Pulund",
	"PF": "Pulunizi tafransist",
	"PR": "Purtu Riku",
	"PT": "Purtugal",
	"QA": "Qaṭar",
	"RU": "Rrus",
	"RO": "Rumani",
	"RW": "Ruwanda",
	"SV": "Salvadur",
	"WS": "Samwa",
	"AS": "Samwa Tamarikanit",
	"KN": "San Kits d Nivis",
	"LC": "San Lučya",
	"SM": "San Marinu",
	"PM": "San Pyar d Miklun",
	"VC": "San Vansu d Grunadin",
	"SH": "Sant Ilina",
	"ST": "Saw Tumi d Pransip",
	"RS": "Serbia",
	"SC": "Seycel",
	"SG": "Singafur",
	"SN": "Sinigal",
	"SX": "Sint Maarten",
	"SL": "Sira Lyun",
	"SK": "Sluvakya",
	"SI": "Sluvinya",
	"GS": "South Georgia & South Sandwich Islands",
	"SS": "South Sudan",
	"ES": "Spanya",
	"LK": "Sri Lanka",
	"BL": "St. Barthélemy",
	"MF": "St. Martin",
	"SD": "Sudan",
	"SA": "Suɛudiya Taɛrabt",
	"SO": "Ṣumal",
	"SR": "Surinam",
	"SY": "Surya",
	"SJ": "Svalbard & Jan Mayen",
	"SZ": "Swazilund",
	"SE": "Swid",
	"CH": "Swis",
	"ZA": "Tafriqt Wadda",
	"GB": "Tagelda Yedduklen",
	"TJ": "Tajikistan",
	"TZ": "Ṭanzanya",
	"TH": "Ṭayland",
	"TW": "Ṭaywan",
	"IT": "Ṭelyan",
	"CF": "Tigduda n Tefriqt Talemmast",
	"DO": "Tigduda Taduminikit",
	"CD": "Tigduda Tagdudant n Kungu",
	"AE": "Tigeldunin Yedduklen Taɛrabin",
	"FK": "Tigzirin n Falkland",
	"KY": "Tigzirin n Kamyan",
	"CK": "Tigzirin n Kuk",
	"MH": "Tigzirin n Marcal",
	"MP": "Tigzirin n Maryan Ufella",
	"SB": "Tigzirin n Sulumun",
	"CV": "Tigzirin n yixef azegzaw",
	"NF": "Tigzirin Tinawfukin",
	"VG": "Tigzirin Tiverjiniyin Tigliziyin",
	"RE": "Timlilit",
	"NL": "Timura-Yessakesren",
	"TT": "Ṭrindad d Ṭubagu",
	"TA": "Tristan da Cunha",
	"TG": "Ṭugu",
	"TK": "Ṭuklu",
	"TL": "Tumur Asamar",
	"TN": "Tunes",
	"TO": "Ṭunga",
	"TR": "Ṭurk",
	"TC": "Ṭurk d Tegzirin n Kaykus",
	"TM": "Ṭurkmanistan",
	"TV": "Ṭuvalu",
	"UM": "U.S. Outlying Islands",
	"UG": "Uɣanda",
	"UA": "Ukran",
	"AD": "Undura",
	"AI": "Ungiya",
	"AO": "Ungula",
	"AG": "Untiga d Barbuda",
	"UY": "Urugway",
	"AU": "Ustrali",
	"AT": "Ustriya",
	"ET": "Utyupi",
	"UZ": "Uzbaxistan",
	"VU": "Vanwatu",
	"VE": "Venzwila",
	"VN": "Vyeṭnam",
	"VI": "W.D. Tigzirin n Virginya",
	"WF": "Wallis d Futuna",
	"US": "WDM",
	"EH": "Western Sahara",
	"ZM": "Zambya",
	"NZ": "Ziland Tamaynut",
	"ZW": "Zimbabwi"
}