{
	"AF": "Afeganistãu",
	"ZA": "Áfrika di Sul",
	"HT": "Aití",
	"AL": "Albánia",
	"DE": "Alimanha",
	"AD": "Andora",
	"AI": "Angila",
	"AO": "Angola",
	"AQ": "Antártika",
	"AG": "Antigua i Barbuda",
	"SA": "Arábia Saudita",
	"DZ": "Arjélia",
	"AR": "Arjentina",
	"AM": "Arménia",
	"AW": "Aruba",
	"AU": "Austrália",
	"AT": "Áustria",
	"AZ": "Azerbaijãu",
	"BS": "Baamas",
	"BD": "Bangladexi",
	"BH": "Barain",
	"BB": "Barbadus",
	"BY": "Belarus",
	"BZ": "Belizi",
	"BE": "Béljika",
	"BJ": "Benin",
	"BM": "Bermudas",
	"BO": "Bolívia",
	"BA": "Bósnia i Erzegovina",
	"BW": "Botsuana",
	"BR": "Brazil",
	"BN": "Brunei",
	"BG": "Bulgária",
	"BF": "Burkina Fasu",
	"BI": "Burundi",
	"BT": "Butãu",
	"DG": "Diegu Garsia",
	"DK": "Dinamarka",
	"DJ": "Djibuti",
	"DM": "Dominika",
	"EG": "Ejitu",
	"EC": "Ekuador",
	"SV": "El Salvador",
	"AE": "Emiradus Árabi Unidu",
	"ET": "Etiópia",
	"FJ": "Fidji",
	"PH": "Filipinas",
	"FI": "Finlándia",
	"FR": "Fransa",
	"GA": "Gabãu",
	"GM": "Gámbia",
	"GH": "Gana",
	"GG": "Gernzi",
	"GY": "Giana",
	"GF": "Giana Franseza",
	"GN": "Gine",
	"GQ": "Gine Ekuatorial",
	"GW": "Gine-Bisau",
	"GD": "Granada",
	"GR": "Grésia",
	"GL": "Gronelándia",
	"GP": "Guadalupi",
	"GU": "Guam",
	"GT": "Guatimala",
	"YE": "Iémen",
	"AC": "Ilha di Asensãu",
	"IM": "Ilha di Man",
	"CX": "Ilha di Natal",
	"AX": "Ilhas Åland",
	"IO": "Ilhas Británikas di Índiku",
	"FO": "Ilhas Faroe",
	"GS": "Ilhas Jeórjia di Sul i Sanduixi di Sul",
	"KY": "Ilhas Kaimãu",
	"CC": "Ilhas Kokus (Keeling)",
	"CK": "Ilhas Kuk",
	"FK": "Ilhas Malvinas",
	"MP": "Ilhas Marianas di Norti",
	"MH": "Ilhas Marxal",
	"UM": "Ilhas Minoris Distantis de Stadus Unidus",
	"NF": "Ilhas Norfolk",
	"SB": "Ilhas Salumãu",
	"TC": "Ilhas Turkas i Kaikus",
	"VG": "Ilhas Virjens Británikas",
	"VI": "Ilhas Virjens Merkanas",
	"IN": "Índia",
	"ID": "Indonézia",
	"IQ": "Iraki",
	"IR": "Irãu",
	"ER": "Iritreia",
	"IE": "Irlanda",
	"IS": "Islándia",
	"IL": "Israel",
	"IT": "Itália",
	"JM": "Jamaika",
	"JP": "Japãu",
	"JE": "Jersi",
	"GI": "Jibraltar",
	"GE": "Jiórjia",
	"JO": "Jordánia",
	"CV": "Kabu Verdi",
	"CM": "Kamarõis",
	"KH": "Kambodja",
	"KM": "Kamoris",
	"CA": "Kanadá",
	"IC": "Kanárias",
	"BQ": "Karaibas Olandezas",
	"QA": "Katar",
	"KZ": "Kazakistãu",
	"KE": "Kénia",
	"KG": "Kirgistãu",
	"KI": "Kiribati",
	"CO": "Kolômbia",
	"CG": "Kongu - Brazavili",
	"CD": "Kongu - Kinxasa",
	"KP": "Koreia di Norti",
	"KR": "Koreia di Sul",
	"CI": "Kosta di Marfin",
	"CR": "Kosta Rika",
	"XK": "Kozovu",
	"HR": "Kroásia",
	"CU": "Kuba",
	"KW": "Kueiti",
	"CW": "Kurasau",
	"LA": "Laus",
	"LV": "Letónia",
	"LS": "Lezotu",
	"LB": "Líbanu",
	"LR": "Libéria",
	"LY": "Líbia",
	"LT": "Lituánia",
	"LI": "Lixenstain",
	"LU": "Luxemburgu",
	"MG": "Madagaskar",
	"YT": "Maiote",
	"MW": "Malaui",
	"MY": "Malázia",
	"MV": "Maldivas",
	"ML": "Mali",
	"MT": "Malta",
	"MA": "Marokus",
	"MQ": "Martinika",
	"MK": "Masidónia",
	"MU": "Maurísia",
	"MR": "Mauritánia",
	"MX": "Méxiku",
	"MM": "Mianmar (Birmánia)",
	"FM": "Mikronézia",
	"MD": "Moldávia",
	"MC": "Mónaku",
	"MN": "Mongólia",
	"MS": "Monserat",
	"ME": "Montenegru",
	"MZ": "Musambiki",
	"NA": "Namíbia",
	"NR": "Nauru",
	"NP": "Nepal",
	"NE": "Nijer",
	"NG": "Nijéria",
	"NI": "Nikarágua",
	"NU": "Niue",
	"NO": "Noruega",
	"NC": "Nova Kalidónia",
	"NZ": "Nova Zilándia",
	"NL": "Olanda",
	"OM": "Oman",
	"HN": "Onduras",
	"PK": "Pakistãu",
	"PW": "Palau",
	"PS": "Palistina",
	"PA": "Panamá",
	"PG": "Papua-Nova Gine",
	"PY": "Paraguai",
	"PE": "Peru",
	"PN": "Pirkairn",
	"PF": "Polinézia Franseza",
	"PR": "Portu Riku",
	"PL": "Pulónia",
	"PT": "Purtugal",
	"GB": "Reinu Unidu",
	"HK": "Rejiãu Administrativu Spesial di Hong Kong",
	"MO": "Rejiãu Administrativu Spesial di Makau",
	"DO": "Repúblika Dominikana",
	"CF": "Republika Sentru-Afrikanu",
	"RW": "Ruanda",
	"RO": "Ruménia",
	"RE": "Runiãu",
	"RU": "Rúsia",
	"WS": "Samoa",
	"AS": "Samoa Merkanu",
	"SM": "San Marinu",
	"PM": "San Piere i Mikelon",
	"SH": "Santa Ilena",
	"LC": "Santa Lúsia",
	"EH": "Sara Osidental",
	"BL": "Sãu Bartolomeu",
	"VC": "Sãu Bisenti i Granadinas",
	"KN": "Sãu Kristovãu i Nevis",
	"MF": "Sãu Martinhu di Fransa",
	"SX": "Sãu Martinhu di Olanda",
	"ST": "Sãu Tume i Prínsipi",
	"SC": "Seixelis",
	"SN": "Senegal",
	"SL": "Sera Lioa",
	"RS": "Sérvia",
	"EA": "Seuta i Melilha",
	"SG": "Singapura",
	"SY": "Síria",
	"SK": "Slovákia",
	"SI": "Slovénia",
	"ES": "Spanha",
	"LK": "Sri Lanka",
	"US": "Stadus Unidos di Merka",
	"EE": "Stónia",
	"SZ": "Suazilándia",
	"SD": "Sudãu",
	"SS": "Sudãu di Sul",
	"SE": "Suésia",
	"CH": "Suisa",
	"SO": "Sumália",
	"SR": "Surinami",
	"SJ": "Svalbard i Jan Maien",
	"TJ": "Tadjikistãu",
	"TH": "Tailándia",
	"TW": "Taiuan",
	"TZ": "Tanzánia",
	"TF": "Terras Franses di Sul",
	"TL": "Timor Lesti",
	"TG": "Togu",
	"TK": "Tokelau",
	"TO": "Tonga",
	"TT": "Trinidad i Tobagu",
	"TA": "Tristan da Kunha",
	"TN": "Tunízia",
	"TR": "Turkia",
	"TM": "Turkumenistãu",
	"TV": "Tuvalu",
	"TD": "Txadi",
	"CZ": "Txékia",
	"WF": "Ualis i Futuna",
	"UG": "Uganda",
	"UA": "Ukránia",
	"HU": "Ungria",
	"UY": "Uruguai",
	"UZ": "Uzbekistãu",
	"VU": "Vanuatu",
	"VA": "Vatikanu",
	"VN": "Vietnam",
	"VE": "Vinizuela",
	"CL": "Xili",
	"CN": "Xina",
	"CY": "Xipri",
	"ZM": "Zámbia",
	"ZW": "Zimbábui"
}