{
	"AX": "Åland Islands",
	"AQ": "Antarctica",
	"AC": "Ascension Island",
	"IC": "Canary Islands",
	"BQ": "Caribbean Netherlands",
	"EA": "Ceuta & Melilla",
	"CX": "Christmas Island",
	"CC": "Cocos (Keeling) Islands",
	"CW": "Curaçao",
	"DG": "Diego Garcia",
	"AF": "Emetab Afghanistan",
	"CF": "Emetab Afrika nebo Kwen",
	"ZA": "Emetab Afrika nebo Murot tai",
	"AL": "Emetab Albania",
	"DZ": "Emetab Algeria",
	"AS": "Emetab American Samoa",
	"US": "Emetab amerika",
	"AD": "Emetab Andorra",
	"AO": "Emetab Angola",
	"AI": "Emetab Anguilla",
	"AG": "Emetab Antigua ak Barbuda",
	"AR": "Emetab Argentina",
	"AM": "Emetab Armenia",
	"AW": "Emetab Aruba",
	"AU": "Emetab Australia",
	"AT": "Emetab Austria",
	"AZ": "Emetab Azerbaijan",
	"BS": "Emetab Bahamas",
	"BH": "Emetab Bahrain",
	"BD": "Emetab Bangladesh",
	"BB": "Emetab Barbados",
	"BY": "Emetab Belarus",
	"BE": "Emetab Belgium",
	"BZ": "Emetab Belize",
	"BJ": "Emetab Benin",
	"BM": "Emetab Bermuda",
	"BT": "Emetab Bhutan",
	"BO": "Emetab Bolivia",
	"BA": "Emetab Bosnia ak Herzegovina",
	"BW": "Emetab Botswana",
	"BR": "Emetab Brazil",
	"BN": "Emetab Brunei",
	"BG": "Emetab Bulgaria",
	"BF": "Emetab Burkina Faso",
	"BI": "Emetab Burundi",
	"KH": "Emetab Cambodia",
	"CM": "Emetab Cameroon",
	"CA": "Emetab Canada",
	"TD": "Emetab Chad",
	"CL": "Emetab Chile",
	"CN": "Emetab China",
	"CO": "Emetab Colombia",
	"KM": "Emetab Comoros",
	"CG": "Emetab Congo - Brazzaville",
	"CD": "Emetab Congo - Kinshasa",
	"CR": "Emetab Costa Rica",
	"CI": "Emetab Côte d’Ivoire",
	"HR": "Emetab Croatia",
	"CU": "Emetab Cuba",
	"CY": "Emetab Cyprus",
	"CZ": "Emetab Czech Republic",
	"DK": "Emetab Denmark",
	"DJ": "Emetab Djibouti",
	"DM": "Emetab Dominica",
	"DO": "Emetab Dominican Republic",
	"EC": "Emetab Ecuador",
	"SV": "Emetab El Salvador",
	"GQ": "Emetab Equatorial Guinea",
	"ER": "Emetab Eritrea",
	"EE": "Emetab Estonia",
	"ET": "Emetab Ethiopia",
	"FJ": "Emetab Fiji",
	"FI": "Emetab Finland",
	"FR": "Emetab France",
	"GA": "Emetab Gabon",
	"GM": "Emetab Gambia",
	"GE": "Emetab Georgia",
	"DE": "Emetab Geruman",
	"GH": "Emetab Ghana",
	"GI": "Emetab Gibraltar",
	"GR": "Emetab Greece",
	"GL": "Emetab Greenland",
	"GD": "Emetab Grenada",
	"GP": "Emetab Guadeloupe",
	"GU": "Emetab Guam",
	"GT": "Emetab Guatemala",
	"GF": "Emetab Guiana nebo Ufaransa",
	"GN": "Emetab Guinea",
	"GW": "Emetab Guinea-Bissau",
	"GY": "Emetab Guyana",
	"HT": "Emetab Haiti",
	"SH": "Emetab Helena Ne tilil",
	"NL": "Emetab Holand",
	"HN": "Emetab Honduras",
	"HU": "Emetab Hungary",
	"IS": "Emetab Iceland",
	"IN": "Emetab India",
	"ID": "Emetab Indonesia",
	"IR": "Emetab Iran",
	"IQ": "Emetab Iraq",
	"IE": "Emetab Ireland",
	"IL": "Emetab Israel",
	"IT": "Emetab Italy",
	"JM": "Emetab Jamaica",
	"JP": "Emetab Japan",
	"JO": "Emetab Jordan",
	"KZ": "Emetab Kazakhstan",
	"KE": "Emetab Kenya",
	"AE": "Emetab kibagenge nebo arabuk",
	"GB": "Emetab Kibagenge nebo Uingereza",
	"KI": "Emetab Kiribati",
	"KP": "Emetab Korea nebo murot katam",
	"KR": "Emetab korea nebo murot tai",
	"KW": "Emetab Kuwait",
	"KG": "Emetab Kyrgyzstan",
	"LA": "Emetab Laos",
	"LV": "Emetab Latvia",
	"LB": "Emetab Lebanon",
	"LS": "Emetab Lesotho",
	"LR": "Emetab Liberia",
	"LY": "Emetab Libya",
	"LI": "Emetab Liechtenstein",
	"LT": "Emetab Lithuania",
	"LC": "Emetab Lucia Ne",
	"LU": "Emetab Luxembourg",
	"MK": "Emetab Macedonia",
	"MG": "Emetab Madagascar",
	"MW": "Emetab Malawi",
	"MY": "Emetab Malaysia",
	"MV": "Emetab Maldives",
	"ML": "Emetab Mali",
	"MT": "Emetab Malta",
	"MQ": "Emetab Martinique",
	"MR": "Emetab Mauritania",
	"MU": "Emetab Mauritius",
	"YT": "Emetab Mayotte",
	"MX": "Emetab Mexico",
	"FM": "Emetab Micronesia",
	"EG": "Emetab Misiri",
	"MD": "Emetab Moldova",
	"MC": "Emetab Monaco",
	"MN": "Emetab Mongolia",
	"MS": "Emetab Montserrat",
	"MA": "Emetab Morocco",
	"MZ": "Emetab Mozambique",
	"MM": "Emetab Myanmar",
	"NA": "Emetab Namibia",
	"NR": "Emetab Nauru",
	"NP": "Emetab Nepal",
	"NC": "Emetab New Caledonia",
	"NZ": "Emetab New Zealand",
	"NI": "Emetab Nicaragua",
	"NE": "Emetab niger",
	"NG": "Emetab Nigeria",
	"NU": "Emetab Niue",
	"NO": "Emetab Norway",
	"OM": "Emetab Oman",
	"PK": "Emetab Pakistan",
	"PW": "Emetab Palau",
	"PS": "Emetab Palestine",
	"PA": "Emetab Panama",
	"PG": "Emetab Papua New Guinea",
	"PY": "Emetab Paraguay",
	"PE": "Emetab Peru",
	"PM": "Emetab Peter Ne titil ak Miquelon",
	"PH": "Emetab Philippines",
	"PN": "Emetab Pitcairn",
	"PL": "Emetab Poland",
	"PF": "Emetab Polynesia nebo ufaransa",
	"PT": "Emetab Portugal",
	"PR": "Emetab Puerto Rico",
	"QA": "Emetab Qatar",
	"RE": "Emetab Réunion",
	"RO": "Emetab Romania",
	"RU": "Emetab Russia",
	"RW": "Emetab Rwanda",
	"KN": "Emetab Saint Kitts ak Nevis",
	"WS": "Emetab Samoa",
	"SM": "Emetab San Marino",
	"ST": "Emetab São Tomé and Príncipe",
	"SA": "Emetab Saudi Arabia",
	"SN": "Emetab Senegal",
	"SC": "Emetab Seychelles",
	"SL": "Emetab Sierra Leone",
	"SG": "Emetab Singapore",
	"SK": "Emetab Slovakia",
	"SI": "Emetab Slovenia",
	"SO": "Emetab Somalia",
	"ES": "Emetab Spain",
	"LK": "Emetab Sri Lanka",
	"SD": "Emetab Sudan",
	"SR": "Emetab Suriname",
	"SZ": "Emetab Swaziland",
	"SE": "Emetab Sweden",
	"CH": "Emetab Switzerland",
	"SY": "Emetab Syria",
	"TW": "Emetab Taiwan",
	"TJ": "Emetab Tajikistan",
	"TZ": "Emetab Tanzania",
	"TH": "Emetab Thailand",
	"TL": "Emetab Timor nebo Murot tai",
	"TG": "Emetab Togo",
	"TK": "Emetab Tokelau",
	"TO": "Emetab Tonga",
	"TT": "Emetab Trinidad ak Tobago",
	"TN": "Emetab Tunisia",
	"TR": "Emetab Turkey",
	"TM": "Emetab Turkmenistan",
	"TV": "Emetab Tuvalu",
	"UG": "Emetab Uganda",
	"UA": "Emetab Ukrainie",
	"UY": "Emetab Uruguay",
	"UZ": "Emetab Uzibekistani",
	"VU": "Emetab Vanuatu",
	"VA": "Emetab Vatican",
	"VE": "Emetab Venezuela",
	"VN": "Emetab Vietnam",
	"VC": "Emetab Vincent netilil ak Grenadines",
	"WF": "Emetab Walis ak Futuna",
	"YE": "Emetab Yemen",
	"ZM": "Emetab Zambia",
	"ZW": "Emetab Zimbabwe",
	"FO": "Faroe Islands",
	"TF": "French Southern Territories",
	"GG": "Guernsey",
	"HK": "Hong Kong SAR China",
	"MP": "Ikwembeiyotab Mariana nebo murot katam",
	"MH": "Ikwembeiyotab Marshall",
	"NF": "Ikwembeiyotab Norfork",
	"SB": "Ikwembeiyotab Solomon",
	"TC": "Ikwembeiyotab Turks ak Caicos",
	"VG": "Ikwembeyotab British Virgin",
	"CV": "Ikwembeyotab Cape Verde",
	"KY": "Ikwembeyotab Cayman",
	"CK": "Ikwembeyotab Cook",
	"FK": "Ikwembeyotab Falkland",
	"VI": "Ikwemweiyotab Amerika",
	"IM": "Isle of Man",
	"JE": "Jersey",
	"IO": "Kebebertab araraitab indian Ocean nebo Uingeresa",
	"XK": "Kosovo",
	"MO": "Macau SAR China",
	"ME": "Montenegro",
	"RS": "Serbia",
	"SX": "Sint Maarten",
	"GS": "South Georgia & South Sandwich Islands",
	"SS": "South Sudan",
	"BL": "St. Barthélemy",
	"MF": "St. Martin",
	"SJ": "Svalbard & Jan Mayen",
	"TA": "Tristan da Cunha",
	"UM": "U.S. Outlying Islands",
	"EH": "Western Sahara"
}