{
	"AF": "Afganistan",
	"AX": "Åland Islands",
	"AL": "Albani",
	"DE": "Almagn",
	"DZ": "Alzeri",
	"AD": "Andor",
	"AO": "Angola",
	"AI": "Anguilla",
	"AQ": "Antarctica",
	"AG": "Antigua-ek-Barbuda",
	"AM": "Armeni",
	"AW": "Aruba",
	"AC": "Ascension Island",
	"HT": "Ayti",
	"AZ": "Azerbaïdjan",
	"BS": "Bahamas",
	"BH": "Bahreïn",
	"BD": "Banglades",
	"BB": "Barbad",
	"BY": "Belaris",
	"BZ": "Beliz",
	"BE": "Belzik",
	"BJ": "Benin",
	"BM": "Bermid",
	"BG": "Bilgari",
	"BO": "Bolivi",
	"BA": "Bosni-Herzegovinn",
	"BW": "Botswana",
	"BT": "Boutan",
	"BR": "Brezil",
	"BN": "Brunei",
	"BF": "Burkina Faso",
	"BI": "Burundi",
	"IC": "Canary Islands",
	"BQ": "Caribbean Netherlands",
	"EA": "Ceuta & Melilla",
	"CX": "Christmas Island",
	"CC": "Cocos (Keeling) Islands",
	"CR": "Costa Rica",
	"CI": "Côte d’Ivoire",
	"CU": "Cuba",
	"CW": "Curaçao",
	"CY": "Cyprus",
	"DK": "Dannmark",
	"DG": "Diego Garcia",
	"DJ": "Djibouti",
	"DM": "Dominik",
	"EC": "Ekwater",
	"AE": "Emira arab ini",
	"ER": "Erythre",
	"EE": "Estoni",
	"FO": "Faroe Islands",
	"FJ": "Fidji",
	"PH": "Filipinn",
	"FI": "Finland",
	"TF": "French Southern Territories",
	"GA": "Gabon",
	"GM": "Gambi",
	"GH": "Ghana",
	"GN": "Gine",
	"GQ": "Gine ekwatoryal",
	"GW": "Gine-Bisau",
	"GL": "Greenland",
	"GD": "Grenad",
	"GR": "Gres",
	"GP": "Guadloup",
	"GU": "Guam",
	"GT": "Guatemala",
	"GG": "Guernsey",
	"GY": "Guyana",
	"GF": "Gwiyann franse",
	"HN": "Honduras",
	"HK": "Hong Kong SAR China",
	"UA": "Ikrenn",
	"ID": "Indonezi",
	"IQ": "Irak",
	"IR": "Iran",
	"IE": "Irland",
	"IS": "Island",
	"IM": "Isle of Man",
	"IT": "Itali",
	"IL": "Izrael",
	"JE": "Jersey",
	"KH": "Kambodj",
	"CM": "Kamerounn",
	"CA": "Kanada",
	"CV": "Kap-Ver",
	"QA": "Katar",
	"KZ": "Kazakstan",
	"KE": "Kenya",
	"KG": "Kirghizistan",
	"KI": "Kiribati",
	"CO": "Kolonbi",
	"KM": "Komor",
	"CG": "Kongo",
	"XK": "Kosovo",
	"KW": "Koweit",
	"HR": "Kroasi",
	"FR": "Lafrans",
	"KP": "Lakore-dinor",
	"KR": "Lakore-disid",
	"US": "Lamerik",
	"LA": "Laos",
	"SA": "Larabi Saoudit",
	"RE": "Larenion",
	"RU": "Larisi",
	"AR": "Larzantinn",
	"CN": "Lasinn",
	"SY": "Lasiri",
	"SE": "Laswed",
	"CH": "Laswis",
	"VA": "Lata Vatikan",
	"IN": "Lenn",
	"ES": "Lespagn",
	"ET": "Letiopi",
	"LV": "Letoni",
	"EG": "Lezipt",
	"LS": "Lezoto",
	"LB": "Liban",
	"LR": "Liberia",
	"LY": "Libi",
	"LI": "Liechtenstein",
	"NF": "Lil Norfolk",
	"LT": "Lituani",
	"AU": "Lostrali",
	"AT": "Lostris",
	"LU": "Luxembourg",
	"MO": "Macau SAR China",
	"MG": "Madagaskar",
	"MW": "Malawi",
	"MV": "Maldiv",
	"MY": "Malezi",
	"ML": "Mali",
	"MT": "Malt",
	"MA": "Marok",
	"MQ": "Martinik",
	"MK": "Masedwann",
	"YT": "Mayot",
	"MX": "Mexik",
	"FM": "Mikronezi",
	"MD": "Moldavi",
	"MC": "Monako",
	"MN": "Mongoli",
	"ME": "Montenegro",
	"MS": "Montsera",
	"MU": "Moris",
	"MR": "Moritani",
	"MZ": "Mozambik",
	"MM": "Myanmar",
	"NA": "Namibi",
	"NR": "Nauru",
	"NP": "Nepal",
	"NI": "Nicaragua",
	"NU": "Niowe",
	"NE": "Nizer",
	"NG": "Nizeria",
	"NO": "Norvez",
	"NZ": "Nouvel Zeland",
	"NC": "Nouvel-Kaledoni",
	"NL": "Oland",
	"OM": "Oman",
	"HU": "Ongri",
	"UG": "Ouganda",
	"UZ": "Ouzbekistan",
	"PK": "Pakistan",
	"PW": "Palau",
	"PA": "Panama",
	"PG": "Papouazi-Nouvel-Gine",
	"PY": "Paraguay",
	"PE": "Perou",
	"PN": "Pitcairn",
	"PF": "Polinezi franse",
	"PL": "Pologn",
	"PT": "Portigal",
	"PR": "Porto Rico",
	"CZ": "Repiblik Chek",
	"CD": "Repiblik demokratik Kongo",
	"DO": "Repiblik dominikin",
	"CF": "Repiblik Lafrik Santral",
	"RO": "Roumani",
	"RW": "Rwanda",
	"KN": "Saint-Christophe-ek-Niévès",
	"SM": "Saint-Marin",
	"PM": "Saint-Pierre-ek-Miquelon",
	"VC": "Saint-Vincent-ek-Grenadines",
	"SH": "Sainte-Hélène",
	"LC": "Sainte-Lucie",
	"SV": "Salvador",
	"WS": "Samoa",
	"AS": "Samoa amerikin",
	"ST": "São Tome-ek-Prínsip",
	"SN": "Senegal",
	"RS": "Serbia",
	"SC": "Sesel",
	"CL": "Shili",
	"ZA": "Sid-Afrik",
	"SL": "Sierra Leone",
	"SG": "Singapour",
	"SX": "Sint Maarten",
	"SK": "Slovaki",
	"SI": "Sloveni",
	"SO": "Somali",
	"SD": "Soudan",
	"GS": "South Georgia & South Sandwich Islands",
	"SS": "South Sudan",
	"LK": "Sri Lanka",
	"BL": "St. Barthélemy",
	"MF": "St. Martin",
	"SR": "Surinam",
	"SJ": "Svalbard & Jan Mayen",
	"SZ": "Swaziland",
	"TJ": "Tadjikistan",
	"TW": "Taiwan",
	"TZ": "Tanzani",
	"TD": "Tchad",
	"IO": "Teritwar Britanik Losean Indien",
	"PS": "Teritwar Palestinn",
	"TH": "Thayland",
	"TL": "Timor oriantal",
	"TN": "Tinizi",
	"TR": "Tirki",
	"TG": "Togo",
	"TK": "Tokelau",
	"TO": "Tonga",
	"TT": "Trinite-ek-Tobago",
	"TA": "Tristan da Cunha",
	"TM": "Turkmenistan",
	"TV": "Tuvalu",
	"UM": "U.S. Outlying Islands",
	"GB": "United Kingdom",
	"UY": "Uruguay",
	"VU": "Vanuatu",
	"VE": "Venezuela",
	"VN": "Vietnam",
	"WF": "Wallis-ek-Futuna",
	"EH": "Western Sahara",
	"YE": "Yemenn",
	"JM": "Zamaik",
	"ZM": "Zambi",
	"JP": "Zapon",
	"GE": "Zeorzi",
	"GI": "Zibraltar",
	"CK": "Zil Cook",
	"KY": "Zil Kayman",
	"FK": "Zil malwinn",
	"MH": "Zil Marshall",
	"MP": "Zil Maryann dinor",
	"SB": "Zil Salomon",
	"TC": "Zil Tirk ek Caïcos",
	"VG": "Zil vierz britanik",
	"VI": "Zil Vierz Lamerik",
	"ZW": "Zimbabwe",
	"JO": "Zordani"
}