{
	"AF": "Afuganistani",
	"IS": "Aisilandi",
	"CI": "Aivore Kositi",
	"AX": "Åland Islands",
	"AE": "Amahanga ga Buharabu ageeteereine",
	"US": "Amerika",
	"AD": "Andora",
	"AG": "Angiguwa na Babuda",
	"AO": "Angora",
	"AI": "Angwira",
	"AQ": "Antarctica",
	"AR": "Arigentina",
	"DZ": "Arigyeriya",
	"AM": "Arimeniya",
	"AW": "Aruba",
	"AL": "Arubania",
	"AC": "Ascension Island",
	"AZ": "Azabagyani",
	"BB": "Babadosi",
	"BS": "Bahama",
	"BH": "Bahareni",
	"BD": "Bangaradeshi",
	"BY": "Bararusi",
	"BJ": "Benini",
	"BM": "Berimuda",
	"BZ": "Berize",
	"BF": "Bokina Faso",
	"BO": "Boriiviya",
	"BW": "Botswana",
	"BA": "Boziniya na Hezegovina",
	"BE": "Bubirigi",
	"FR": "Bufaransa",
	"FI": "Bufini",
	"DE": "Bugirimaani",
	"GB": "Bungyereza",
	"BR": "Buraziiri",
	"BG": "Burugariya",
	"TL": "Burugweizooba bwa Timori",
	"BI": "Burundi",
	"BN": "Burunei",
	"BT": "Butani",
	"TR": "Buturuki \/Take",
	"IC": "Canary Islands",
	"BQ": "Caribbean Netherlands",
	"EA": "Ceuta & Melilla",
	"TD": "Chadi",
	"CL": "Chile",
	"CN": "China",
	"CX": "Christmas Island",
	"CC": "Cocos (Keeling) Islands",
	"CU": "Cuba",
	"CW": "Curaçao",
	"DK": "Deenimaaka",
	"CD": "Demokoratika Ripaaburika ya Kongo",
	"DG": "Diego Garcia",
	"DM": "Dominika",
	"MP": "Ebizinga by’amatemba ga Mariana",
	"TC": "Ebizinga bya Buturuki na Kaiko",
	"FK": "Ebizinga bya Faakilanda",
	"IO": "Ebizinga bya Indian ebya Bungyereza",
	"KY": "Ebizinga bya Kayimani",
	"CV": "Ebizinga bya Kepuvade",
	"CK": "Ebizinga bya Kuuku",
	"MH": "Ebizinga bya Marshaa",
	"SB": "Ebizinga bya Surimaani",
	"VI": "Ebizinga bya Virigini ebya Amerika",
	"VG": "Ebizinga bya Virigini ebya Bungyereza",
	"CF": "Eihanga rya Rwagati ya Afirika",
	"NF": "Ekizinga Norifoko",
	"SV": "Eri Salivado",
	"ER": "Eriteriya",
	"EE": "Esitoniya",
	"ET": "Ethiyopiya",
	"FO": "Faroe Islands",
	"FJ": "Figyi",
	"PH": "Firipino",
	"TF": "French Southern Territories",
	"GA": "Gabooni",
	"GM": "Gambiya",
	"GH": "Gana",
	"GI": "Giburaata",
	"GN": "Gine",
	"GW": "Ginebisau",
	"GG": "Guernsey",
	"GQ": "Guni",
	"GD": "Gurenada",
	"GL": "Guriinirandi",
	"GR": "Guriisi",
	"GY": "Guyana",
	"GF": "Guyana ya Bufaransa",
	"GP": "Gwaderupe",
	"GU": "Gwamu",
	"GT": "Gwatemara",
	"JM": "Gyamaika",
	"JP": "Gyapaani",
	"DJ": "Gyibuti",
	"GE": "Gyogiya",
	"HT": "Haiti",
	"HU": "Hangare",
	"HN": "Hondurasi",
	"HK": "Hong Kong SAR China",
	"NL": "Hoorandi",
	"EC": "Ikweda",
	"IN": "Indiya",
	"ID": "Indoneeziya",
	"IQ": "Iraaka",
	"IR": "Iraani",
	"IE": "Irerandi",
	"IL": "Isirairi",
	"IM": "Isle of Man",
	"IT": "Itare",
	"JE": "Jersey",
	"KH": "Kambodiya",
	"CM": "Kameruuni",
	"CA": "Kanada",
	"QA": "Kata",
	"KZ": "Kazakisitani",
	"KE": "Kenya",
	"KI": "Kiribati",
	"KG": "Kirigizistani",
	"CG": "Kongo",
	"HR": "Korasiya",
	"KR": "Koreya Amashuuma",
	"KP": "Koreya Amatemba",
	"CO": "Korombiya",
	"KM": "Koromo",
	"CR": "Kositarika",
	"XK": "Kosovo",
	"KW": "Kuweiti",
	"LU": "Lakizembaaga",
	"LV": "Latviya",
	"LA": "Layosi",
	"LB": "Lebanoni",
	"LS": "Lesotho",
	"LR": "Liberiya",
	"LY": "Libya",
	"LI": "Lishenteni",
	"LT": "Lithuania",
	"MO": "Macau SAR China",
	"MG": "Madagasika",
	"MW": "Marawi",
	"MY": "marayizia",
	"ML": "Mari",
	"MV": "Maridives",
	"MT": "Marita",
	"MQ": "Martinique",
	"MK": "Masedoonia",
	"MU": "Maurishiasi",
	"MR": "Mauriteeniya",
	"YT": "Mayote",
	"MX": "Mexico",
	"FM": "Mikironesiya",
	"EG": "Misiri",
	"MC": "Monaco",
	"MN": "Mongoria",
	"ME": "Montenegro",
	"MS": "Montserrati",
	"MD": "Moridova",
	"MA": "Morocco",
	"MZ": "Mozambique",
	"MM": "Myanamar",
	"NE": "Naigya",
	"NG": "Naigyeriya",
	"NA": "Namibiya",
	"NR": "Nauru",
	"NP": "Nepo",
	"NI": "Nikaragwa",
	"NU": "Niue",
	"NC": "Niukaredonia",
	"NZ": "Niuzirandi",
	"NO": "Noorwe",
	"OM": "Omaani",
	"AU": "Ositureeriya",
	"AT": "Osituria",
	"PK": "Pakisitaani",
	"PW": "Palaawu",
	"PA": "Panama",
	"PG": "Papua",
	"PY": "Paragwai",
	"PS": "Parestiina na Gaza",
	"PE": "Peru",
	"PN": "Pitkaini",
	"PT": "Pocugo",
	"PF": "Polinesia ya Bufaransa",
	"PL": "Poorandi",
	"PR": "Pwetoriko",
	"DO": "Ripaaburika ya Dominica",
	"CZ": "Ripaaburika ya Zeeki",
	"RE": "Riyuniyoni",
	"RO": "Romaniya",
	"RU": "Rrasha",
	"RW": "Rwanda",
	"CY": "Saipurasi",
	"SM": "Samarino",
	"WS": "Samowa",
	"AS": "Samowa ya Ameerika",
	"SA": "Saudi Areebiya",
	"ZA": "Sausi Afirika",
	"ST": "Sawo Tome na Purinsipo",
	"SN": "Senego",
	"SH": "Senti Herena",
	"KN": "Senti Kittis na Nevisi",
	"PM": "Senti Piyerre na Mikweron",
	"LC": "Senti Rusiya",
	"VC": "Senti Vinsent na Gurenadini",
	"RS": "Serbia",
	"SC": "Shesheresi",
	"SG": "Singapo",
	"SX": "Sint Maarten",
	"ES": "Sipeyini",
	"LK": "Siriranka",
	"SY": "Siriya",
	"SK": "Sirovaakiya",
	"SI": "Sirovaaniya",
	"SL": "Sirra Riyooni",
	"SO": "Somaariya",
	"GS": "South Georgia & South Sandwich Islands",
	"SS": "South Sudan",
	"BL": "St. Barthélemy",
	"MF": "St. Martin",
	"SD": "Sudani",
	"SR": "Surinaamu",
	"SJ": "Svalbard & Jan Mayen",
	"SZ": "Swazirandi",
	"SE": "Swideni",
	"CH": "Swisi",
	"TH": "Tairandi",
	"TJ": "Tajikisitani",
	"TZ": "Tanzania",
	"TW": "Tayiwaani",
	"TG": "Togo",
	"TK": "Tokerawu",
	"TO": "Tonga",
	"TA": "Tristan da Cunha",
	"TN": "Tunizia",
	"TT": "Turinidad na Tobago",
	"TM": "Turukimenisitani",
	"TV": "Tuvaru",
	"UM": "U.S. Outlying Islands",
	"UG": "Uganda",
	"UA": "Ukureini",
	"UY": "Urugwai",
	"UZ": "Uzibekisitani",
	"VU": "Vanuatu",
	"VA": "Vatikani",
	"VE": "Venezuwera",
	"VN": "Viyetinaamu",
	"WF": "Warris na Futuna",
	"EH": "Western Sahara",
	"YE": "Yemeni",
	"JO": "Yorudaani",
	"ZM": "Zambia",
	"ZW": "Zimbabwe"
}