{
	"AF": "Afganistán",
	"AX": "Åland Islands",
	"AL": "Albania",
	"DE": "Alemania",
	"AD": "Andorra",
	"AO": "Angola",
	"AI": "Anguilla",
	"AQ": "Antarctica",
	"AG": "Antigua & Barbuda",
	"SA": "Arabia Saudí",
	"DZ": "Argelia",
	"AR": "Argentina",
	"AM": "Armenia",
	"AW": "Aruba",
	"AC": "Ascension Island",
	"AU": "Australia",
	"AT": "Austria",
	"AZ": "Azerbaiyán",
	"BS": "Bahamas",
	"BD": "Bangladesh",
	"BB": "Barbados",
	"BH": "Baréin",
	"BY": "Belarús",
	"BE": "Bélgica",
	"BZ": "Belize",
	"BJ": "Benín",
	"BM": "Bermuda",
	"BO": "Bolivia",
	"BQ": "Bonaire",
	"BA": "Bosnia & Herzegovina",
	"BW": "Botsuana",
	"BR": "Brasil",
	"IO": "British Indian Ocean Territory",
	"VG": "British Virgin Islands",
	"BN": "Brunéi",
	"BG": "Bulgaria",
	"BF": "Burkina Faso",
	"BI": "Burundi",
	"BT": "Bután",
	"KH": "Camboya",
	"CM": "Camerún",
	"CA": "Canada",
	"IC": "Canary Islands",
	"CV": "Cape Verde",
	"KY": "Cayman Islands",
	"CF": "Central African Republic",
	"EA": "Ceuta & Melilla",
	"TD": "Chad",
	"CL": "Chile",
	"CN": "China",
	"CY": "Chipre",
	"CO": "Colombia",
	"KM": "Comoras",
	"CG": "Congo",
	"CD": "Congo (RDC)",
	"CK": "Cook Islands",
	"KP": "Corea del Norte",
	"KR": "Corea del Sur",
	"CR": "Costa Rica",
	"CI": "Côte d’Ivoire",
	"HR": "Croacia",
	"CU": "Cuba",
	"CW": "Curazao",
	"CZ": "Czechia",
	"DG": "Diego Garcia",
	"DK": "Dinamarca",
	"DM": "Dominica",
	"DO": "Dominican Republic",
	"EC": "Ecuador",
	"VI": "EE.UU. Islas Vírgenes",
	"EG": "Egipto",
	"SV": "El Salvador",
	"ER": "Eritrea",
	"MK": "ERY Macedonia",
	"SK": "Eslovaquia",
	"SI": "Eslovenia",
	"ES": "España",
	"US": "Estados Unidos",
	"EE": "Estonia",
	"ET": "Etiopía",
	"FK": "Falkland Islands",
	"FO": "Faroe Islands",
	"PH": "Filipinas",
	"FI": "Finlandia",
	"FJ": "Fiyi",
	"FR": "Francia",
	"GF": "French Guiana",
	"GA": "Gabón",
	"GM": "Gambia",
	"GE": "Georgia",
	"GH": "Ghana",
	"GI": "Gibraltar",
	"GR": "Grecia",
	"GL": "Greenland",
	"GD": "Grenada",
	"GP": "Guadeloupe",
	"GU": "Guam",
	"GT": "Guatemala",
	"GG": "Guernesey",
	"GN": "Guinea",
	"GQ": "Guinea Ecuatorial",
	"GW": "Guinea-Bisáu",
	"GY": "Guyana",
	"HT": "Haití",
	"HN": "Honduras",
	"HK": "Hong Kong (RAE)",
	"HU": "Hungary",
	"IN": "India",
	"ID": "Indonesia",
	"IQ": "Irak",
	"IR": "Irán",
	"IE": "Ireland",
	"CX": "Isla Christmas",
	"NF": "Isla Norfolk",
	"IS": "Islandia",
	"CC": "Islas Cocos",
	"MP": "Islas Marianas del Norte",
	"MH": "Islas Marshall",
	"UM": "Islas menores alejadas de los EE.UU.",
	"PN": "Islas Pitcairn",
	"IM": "Isle of Man",
	"IL": "Israel",
	"IT": "Italia",
	"JM": "Jamaica",
	"JP": "Japan",
	"JE": "Jersey",
	"JO": "Jordania",
	"KZ": "Kazajistán",
	"KE": "Kenia",
	"KG": "Kirguistán",
	"KI": "Kiribati",
	"XK": "Kosovo",
	"KW": "Kuwait",
	"LA": "Laos",
	"LS": "Lesoto",
	"LV": "Letonia",
	"LB": "Líbano",
	"LR": "Liberia",
	"LY": "Libya",
	"LI": "Liechtenstein",
	"LT": "Lituania",
	"LU": "Luxemburgo",
	"MO": "Macao RAE",
	"MG": "Madagascar",
	"MW": "Malawi",
	"MY": "Malaysia",
	"MV": "Maldivas",
	"ML": "Malí",
	"MT": "Malta",
	"MA": "Marruecos",
	"MQ": "Martinique",
	"MU": "Mauricio",
	"MR": "Mauritania",
	"YT": "Mayotte",
	"MX": "México",
	"FM": "Micronesia",
	"MD": "Moldova",
	"MC": "Mónaco",
	"MN": "Mongolia",
	"ME": "Montenegro",
	"MS": "Montserrat",
	"MZ": "Mozambique",
	"MM": "Myanmar",
	"NA": "Namibia",
	"NR": "Nauru",
	"NP": "Nepal",
	"NZ": "New Zealand",
	"NI": "Nicaragua",
	"NE": "Níger",
	"NG": "Nigeria",
	"NU": "Niue",
	"NO": "Noruega",
	"NC": "Nueva Caledonia",
	"OM": "Omán",
	"NL": "Países Bajos",
	"PK": "Pakistán",
	"PW": "Palaos",
	"PS": "Palestina Kamachikuq",
	"PA": "Panamá",
	"PG": "Papúa Nueva Guinea",
	"PY": "Paraguay",
	"PE": "Perú",
	"PF": "Polinesia Francesa",
	"PL": "Polonia",
	"PT": "Portugal",
	"PR": "Puerto Rico",
	"QA": "Qatar",
	"GB": "Reino Unido",
	"RE": "Réunion",
	"RO": "Romania",
	"RW": "Ruanda",
	"RU": "Rusia",
	"WS": "Samoa",
	"AS": "Samoa Americana",
	"KN": "San Cristóbal y Nieves",
	"SM": "San Marino",
	"MF": "San Martín",
	"PM": "San Pedro y Miquelón",
	"VA": "Santa Sede (Ciudad del Vaticano)",
	"ST": "Santo Tomé y Príncipe",
	"SN": "Senegal",
	"RS": "Serbia",
	"SC": "Seychelles",
	"SL": "Sierra Leona",
	"SG": "Singapur",
	"SX": "Sint Maarten",
	"SY": "Siria",
	"SB": "Solomon Islands",
	"SO": "Somalia",
	"GS": "South Georgia & South Sandwich Islands",
	"LK": "Sri Lanka",
	"BL": "St. Barthélemy",
	"SH": "St. Helena",
	"LC": "St. Lucia",
	"VC": "St. Vincent & Grenadines",
	"SZ": "Suazilandia",
	"ZA": "Sudáfrica",
	"SD": "Sudán",
	"SS": "Sudán del Sur",
	"SE": "Suecia",
	"CH": "Suiza",
	"SR": "Surinam",
	"SJ": "Svalbard & Jan Mayen",
	"TH": "Tailandia",
	"TW": "Taiwan",
	"TZ": "Tanzania",
	"TJ": "Tayikistán",
	"TF": "Territorios Australes Franceses",
	"TL": "Timor-Leste",
	"TG": "Togo",
	"TK": "Tokelau",
	"TO": "Tonga",
	"TT": "Trinidad y Tobago",
	"TA": "Tristan da Cunha",
	"TN": "Túnez",
	"TM": "Turkmenistan",
	"TC": "Turks & Caicos Islands",
	"TR": "Turquía",
	"TV": "Tuvalu",
	"UG": "Uganda",
	"UA": "Ukraine",
	"AE": "United Arab Emirates",
	"UY": "Uruguay",
	"UZ": "Uzbekistán",
	"VU": "Vanuatu",
	"VE": "Venezuela",
	"VN": "Vietnam",
	"WF": "Wallis y Futuna",
	"EH": "Western Sahara",
	"YE": "Yemen",
	"DJ": "Yibuti",
	"ZM": "Zambia",
	"ZW": "Zimbabue"
}