{
	"AX": "Åland Islands",
	"AQ": "Antarctica",
	"AC": "Ascension Island",
	"IC": "Canary Islands",
	"BQ": "Caribbean Netherlands",
	"EA": "Ceuta & Melilla",
	"CX": "Christmas Island",
	"CC": "Cocos (Keeling) Islands",
	"CW": "Curaçao",
	"DG": "Diego Garcia",
	"FO": "Faroe Islands",
	"TF": "French Southern Territories",
	"GG": "Guernsey",
	"HK": "Hong Kong SAR China",
	"IM": "Isle of Man",
	"JE": "Jersey",
	"XK": "Kosovo",
	"MO": "Macau SAR China",
	"ME": "Montenegro",
	"RS": "Serbia",
	"SX": "Sint Maarten",
	"GS": "South Georgia & South Sandwich Islands",
	"SS": "South Sudan",
	"BL": "St. Barthélemy",
	"MF": "St. Martin",
	"SJ": "Svalbard & Jan Mayen",
	"TA": "Tristan da Cunha",
	"UM": "U.S. Outlying Islands",
	"EH": "Western Sahara",
	"PS": "ⴰⴳⵎⵎⴰⴹ ⵏ ⵜⴰⴳⵓⵜ ⴷ ⵖⵣⵣⴰ",
	"AZ": "ⴰⴷⵔⴰⴱⵉⵊⴰⵏ",
	"GI": "ⴰⴷⵔⴰⵔ ⵏ ⵟⴰⵕⵉⵇ",
	"ZA": "ⴰⴼⵔⵉⵇⵢⴰ ⵏ ⵉⴼⴼⵓⵙ",
	"AF": "ⴰⴼⵖⴰⵏⵉⵙⵜⴰⵏ",
	"AL": "ⴰⵍⴱⴰⵏⵢⴰ",
	"DE": "ⴰⵍⵎⴰⵏⵢⴰ",
	"AI": "ⴰⵏⴳⵉⵍⴰ",
	"AO": "ⴰⵏⴳⵓⵍⴰ",
	"ID": "ⴰⵏⴷⵓⵏⵉⵙⵢⴰ",
	"AD": "ⴰⵏⴷⵓⵔⴰ",
	"AG": "ⴰⵏⵜⵉⴳⴰ ⴷ ⴱⵔⴱⵓⴷⴰ",
	"AR": "ⴰⵔⵊⴰⵏⵜⵉⵏ",
	"AM": "ⴰⵔⵎⵉⵏⵢⴰ",
	"AW": "ⴰⵔⵓⴱⴰ",
	"VA": "ⴰⵡⴰⵏⴽ ⵏ ⴼⴰⵜⵉⴽⴰⵏ",
	"PG": "ⴱⴰⴱⵡⴰ ⵖⵉⵏⵢⴰ ⵜⴰⵎⴰⵢⵏⵓⵜ",
	"PK": "ⴱⴰⴽⵉⵙⵜⴰⵏ",
	"BS": "ⴱⴰⵀⴰⵎⴰⵙ",
	"PW": "ⴱⴰⵍⴰⵡ",
	"PA": "ⴱⴰⵏⴰⵎⴰ",
	"BD": "ⴱⴰⵏⴳⵍⴰⴷⵉⵛ",
	"PY": "ⴱⴰⵔⴰⴳⵡⴰⵢ",
	"BB": "ⴱⴰⵔⴱⴰⴷ",
	"BT": "ⴱⵀⵓⵜⴰⵏ",
	"BH": "ⴱⵃⵔⴰⵢⵏ",
	"BY": "ⴱⵉⵍⴰⵔⵓⵙⵢⴰ",
	"BZ": "ⴱⵉⵍⵉⵣ",
	"BJ": "ⴱⵉⵏⵉⵏ",
	"PE": "ⴱⵉⵔⵓ",
	"PN": "ⴱⵉⵜⴽⴰⵢⵔⵏ",
	"BE": "ⴱⵍⵊⵉⴽⴰ",
	"BG": "ⴱⵍⵖⴰⵔⵢⴰ",
	"BO": "ⴱⵓⵍⵉⴼⵢⴰ",
	"PF": "ⴱⵓⵍⵉⵏⵉⵣⵢⴰ ⵜⴰⴼⵔⴰⵏⵙⵉⵙⵜ",
	"PL": "ⴱⵓⵍⵓⵏⵢⴰ",
	"BF": "ⴱⵓⵔⴽⵉⵏⴰ ⴼⴰⵙⵓ",
	"BI": "ⴱⵓⵔⵓⵏⴷⵉ",
	"PR": "ⴱⵓⵔⵜⵓ ⵔⵉⴽⵓ",
	"BA": "ⴱⵓⵙⵏⴰ ⴷ ⵀⵉⵔⵙⵉⴽ",
	"BW": "ⴱⵓⵜⵙⵡⴰⵏⴰ",
	"BR": "ⴱⵔⴰⵣⵉⵍ",
	"BM": "ⴱⵔⵎⵓⴷⴰ",
	"BN": "ⴱⵔⵓⵏⵉ",
	"PT": "ⴱⵕⵟⵇⵉⵣ",
	"GA": "ⴳⴰⴱⵓⵏ",
	"GM": "ⴳⴰⵎⴱⵢⴰ",
	"GL": "ⴳⵔⵉⵍⴰⵏⴷ",
	"GP": "ⴳⵡⴰⴷⴰⵍⵓⴱ",
	"GU": "ⴳⵡⴰⵎ",
	"GT": "ⴳⵡⴰⵜⵉⵎⴰⵍⴰ",
	"GF": "ⴳⵡⵉⵢⴰⵏ ⵜⴰⴼⵔⴰⵏⵙⵉⵙⵜ",
	"GY": "ⴳⵡⵉⵢⴰⵏⴰ",
	"DK": "ⴷⴰⵏⵎⴰⵔⴽ",
	"DJ": "ⴷⵊⵉⴱⵓⵜⵉ",
	"DM": "ⴷⵓⵎⵉⵏⵉⴽ",
	"DZ": "ⴷⵣⴰⵢⵔ",
	"VU": "ⴼⴰⵏⵡⴰⵟⵓ",
	"FJ": "ⴼⵉⴷⵊⵉ",
	"PH": "ⴼⵉⵍⵉⴱⴱⵉⵏ",
	"FI": "ⴼⵉⵍⵍⴰⵏⴷⴰ",
	"VE": "ⴼⵉⵏⵣⵡⵉⵍⴰ",
	"VN": "ⴼⵉⵜⵏⴰⵎ",
	"FR": "ⴼⵔⴰⵏⵙⴰ",
	"NC": "ⴽⴰⵍⵉⴷⵓⵏⵢⴰ ⵜⴰⵎⴰⵢⵏⵓⵜ",
	"KH": "ⴽⴰⵎⴱⵓⴷⵢⴰ",
	"CM": "ⴽⴰⵎⵉⵔⵓⵏ",
	"CA": "ⴽⴰⵏⴰⴷⴰ",
	"KZ": "ⴽⴰⵣⴰⵅⵙⵜⴰⵏ",
	"KE": "ⴽⵉⵏⵢⴰ",
	"KI": "ⴽⵉⵔⵉⴱⴰⵜⵉ",
	"KG": "ⴽⵉⵔⵖⵉⵣⵉⵙⵜⴰⵏ",
	"CU": "ⴽⵓⴱⴰ",
	"CO": "ⴽⵓⵍⵓⵎⴱⵢⴰ",
	"CG": "ⴽⵓⵏⴳⵓ",
	"KR": "ⴽⵓⵔⵢⴰ ⵏ ⵉⴼⴼⵓⵙ",
	"KP": "ⴽⵓⵔⵢⴰ ⵏ ⵉⵥⵥⵍⵎⴹ",
	"CR": "ⴽⵓⵙⵜⴰ ⵔⵉⴽⴰ",
	"CI": "ⴽⵓⵜ ⴷⵉⴼⵡⴰⵔ",
	"HR": "ⴽⵔⵡⴰⵜⵢⴰ",
	"HT": "ⵀⴰⵢⵜⵉ",
	"HU": "ⵀⵏⵖⴰⵔⵢⴰ",
	"NL": "ⵀⵓⵍⴰⵏⴷⴰ",
	"HN": "ⵀⵓⵏⴷⵓⵔⴰⵙ",
	"OM": "ⵄⵓⵎⴰⵏ",
	"QA": "ⵇⴰⵜⴰⵔ",
	"CY": "ⵇⵓⴱⵔⵓⵙ",
	"KM": "ⵇⵓⵎⵓⵔ",
	"EC": "ⵉⴽⵡⴰⴷⵓⵔ",
	"IR": "ⵉⵔⴰⵏ",
	"ER": "ⵉⵔⵉⵜⵉⵔⵢⴰ",
	"IE": "ⵉⵔⵍⴰⵏⴷⴰ",
	"IS": "ⵉⵙⵍⴰⵏⴷ",
	"IL": "ⵉⵙⵔⴰⵢⵉⵍ",
	"EE": "ⵉⵙⵜⵓⵏⵢⴰ",
	"ET": "ⵉⵜⵢⵓⴱⵢⴰ",
	"IT": "ⵉⵟⴰⵍⵢⴰ",
	"US": "ⵉⵡⵓⵏⴰⴽ ⵎⵓⵏⵏⵉⵏ ⵏ ⵎⵉⵔⵉⴽⴰⵏ",
	"JM": "ⵊⴰⵎⴰⵢⴽⴰ",
	"GE": "ⵊⵓⵔⵊⵢⴰ",
	"LV": "ⵍⴰⵜⴼⵢⴰ",
	"LA": "ⵍⴰⵡⵙ",
	"KW": "ⵍⴽⵡⵉⵜ",
	"IN": "ⵍⵀⵉⵏⴷ",
	"IQ": "ⵍⵄⵉⵔⴰⵇ",
	"LR": "ⵍⵉⴱⵉⵔⵢⴰ",
	"LY": "ⵍⵉⴱⵢⴰ",
	"LI": "ⵍⵉⴽⵉⵏⵛⵜⴰⵢⵏ",
	"AE": "ⵍⵉⵎⴰⵔⴰⵜ",
	"LS": "ⵍⵉⵚⵓⵟⵓ",
	"LT": "ⵍⵉⵜⵡⴰⵏⵢⴰ",
	"MA": "ⵍⵎⵖⵔⵉⴱ",
	"LB": "ⵍⵓⴱⵏⴰⵏ",
	"LU": "ⵍⵓⴽⵙⴰⵏⴱⵓⵔⴳ",
	"JO": "ⵍⵓⵔⴷⵓⵏ",
	"JP": "ⵍⵢⴰⴱⴰⵏ",
	"GR": "ⵍⵢⵓⵏⴰⵏ",
	"MG": "ⵎⴰⴷⴰⵖⴰⵛⵇⴰⵔ",
	"MW": "ⵎⴰⵍⴰⵡⵉ",
	"MV": "ⵎⴰⵍⴷⵉⴼ",
	"ML": "ⵎⴰⵍⵉ",
	"MY": "ⵎⴰⵍⵉⵣⵢⴰ",
	"MT": "ⵎⴰⵍⵟⴰ",
	"MQ": "ⵎⴰⵔⵜⵉⵏⵉⴽ",
	"MK": "ⵎⴰⵙⵉⴷⵓⵏⵢⴰ",
	"YT": "ⵎⴰⵢⵓⵟ",
	"FM": "ⵎⵉⴽⵔⵓⵏⵉⵣⵢⴰ",
	"MX": "ⵎⵉⴽⵙⵉⴽ",
	"EG": "ⵎⵉⵚⵕ",
	"MN": "ⵎⵏⵖⵓⵍⵢⴰ",
	"MD": "ⵎⵓⵍⴷⵓⴼⵢⴰ",
	"MC": "ⵎⵓⵏⴰⴽⵓ",
	"MS": "ⵎⵓⵏⵙⵉⵔⴰⵜ",
	"MU": "ⵎⵓⵔⵉⵙ",
	"MR": "ⵎⵓⵕⵉⵟⴰⵏⵢⴰ",
	"MZ": "ⵎⵓⵣⵏⴱⵉⵇ",
	"MM": "ⵎⵢⴰⵏⵎⴰⵔ",
	"NA": "ⵏⴰⵎⵉⴱⵢⴰ",
	"NR": "ⵏⴰⵡⵔⵓ",
	"NP": "ⵏⵉⴱⴰⵍ",
	"NI": "ⵏⵉⴽⴰⵔⴰⴳⵡⴰ",
	"NG": "ⵏⵉⵊⵉⵔⵢⴰ",
	"NU": "ⵏⵉⵡⵉ",
	"NE": "ⵏⵏⵉⵊⵉⵔ",
	"AT": "ⵏⵏⵎⵙⴰ",
	"NO": "ⵏⵏⵔⵡⵉⵊ",
	"NZ": "ⵏⵢⵓⵣⵉⵍⴰⵏⴷⴰ",
	"UA": "ⵓⴽⵔⴰⵏⵢⴰ",
	"UY": "ⵓⵔⵓⴳⵡⴰⵢ",
	"UG": "ⵓⵖⴰⵏⴷⴰ",
	"AU": "ⵓⵙⵜⵔⴰⵍⵢⴰ",
	"UZ": "ⵓⵣⴱⴰⴽⵉⵙⵜⴰⵏ",
	"RE": "ⵔⵉⵢⵓⵏⵢⵓⵏ",
	"RO": "ⵔⵓⵎⴰⵏⵢⴰ",
	"RU": "ⵔⵓⵙⵢⴰ",
	"RW": "ⵔⵡⴰⵏⴷⴰ",
	"GH": "ⵖⴰⵏⴰ",
	"GN": "ⵖⵉⵏⵢⴰ",
	"GW": "ⵖⵉⵏⵢⴰ ⴱⵉⵙⴰⵡ",
	"GQ": "ⵖⵉⵏⵢⴰ ⵏ ⵉⴽⵡⴰⴷⵓⵔ",
	"GD": "ⵖⵔⵏⴰⵟⴰ",
	"SV": "ⵙⴰⵍⴼⴰⴷⵓⵔ",
	"WS": "ⵙⴰⵎⵡⴰ",
	"AS": "ⵙⴰⵎⵡⴰ ⵜⴰⵎⵉⵔⵉⴽⴰⵏⵉⵜ",
	"PM": "ⵙⴰⵏⴱⵢⵉⵔ ⴷ ⵎⵉⴽⵍⵓⵏ",
	"VC": "ⵙⴰⵏⴼⴰⵏⵙⴰⵏ ⴷ ⴳⵔⵉⵏⴰⴷⵉⵏ",
	"KN": "ⵙⴰⵏⴽⵔⵉⵙ ⴷ ⵏⵉⴼⵉⵙ",
	"SM": "ⵙⴰⵏⵎⴰⵔⵉⵏⵓ",
	"SH": "ⵙⴰⵏⵜⵉⵍⵉⵏ",
	"LC": "ⵙⴰⵏⵜⵍⵓⵙⵉ",
	"ST": "ⵙⴰⵡⵟⵓⵎⵉ ⴷ ⴱⵔⴰⵏⵙⵉⴱ",
	"ES": "ⵙⴱⴰⵏⵢⴰ",
	"SK": "ⵙⵍⵓⴼⴰⴽⵢⴰ",
	"SI": "ⵙⵍⵓⴼⵉⵏⵢⴰ",
	"SG": "ⵙⵏⵖⴰⴼⵓⵔⴰ",
	"SR": "ⵙⵓⵔⵉⵏⴰⵎ",
	"SY": "ⵙⵓⵔⵢⴰ",
	"LK": "ⵙⵔⵉⵍⴰⵏⴽⴰ",
	"SA": "ⵙⵙⴰⵄⵓⴷⵉⵢⴰ",
	"SN": "ⵙⵙⵉⵏⵉⴳⴰⵍ",
	"SL": "ⵙⵙⵉⵔⴰⵍⵢⵓⵏ",
	"SC": "ⵙⵙⵉⵛⵉⵍ",
	"SD": "ⵙⵙⵓⴷⴰⵏ",
	"SE": "ⵙⵙⵡⵉⴷ",
	"SZ": "ⵙⵡⴰⵣⵉⵍⴰⵏⴷⴰ",
	"CH": "ⵙⵡⵉⵙⵔⴰ",
	"SO": "ⵚⵚⵓⵎⴰⵍ",
	"CL": "ⵛⵛⵉⵍⵉ",
	"CN": "ⵛⵛⵉⵏⵡⴰ",
	"CD": "ⵜⴰⴳⴷⵓⴷⴰⵏⵜ ⵜⴰⴷⵉⵎⵓⵇⵔⴰⵜⵉⵜ ⵏ ⴽⵓⵏⴳⵓ",
	"DO": "ⵜⴰⴳⴷⵓⴷⴰⵏⵜ ⵜⴰⴷⵓⵎⵉⵏⵉⴽⵜ",
	"CF": "ⵜⴰⴳⴷⵓⴷⴰⵏⵜ ⵜⴰⵏⴰⵎⵎⴰⵙⵜ ⵏ ⵉⴼⵔⵉⵇⵢⴰ",
	"CZ": "ⵜⴰⴳⴷⵓⴷⴰⵏⵜ ⵜⴰⵜⵛⵉⴽⵉⵜ",
	"GB": "ⵜⴰⴳⵍⴷⵉⵜ ⵉⵎⵓⵏⵏ",
	"TJ": "ⵜⴰⴷⵊⴰⴽⵉⵙⵜⴰⵏ",
	"IO": "ⵜⴰⵎⵏⴰⴹⵜ ⵜⴰⵏⴳⵍⵉⵣⵉⵜ ⵏ ⵓⴳⴰⵔⵓ ⴰⵀⵉⵏⴷⵉ",
	"CV": "ⵜⵉⴳⵣⵉⵔⵉⵏ ⵏ ⴽⴰⴱⴱⵉⵔⴷⵉ",
	"KY": "ⵜⵉⴳⵣⵉⵔⵉⵏ ⵏ ⴽⴰⵢⵎⴰⵏ",
	"CK": "ⵜⵉⴳⵣⵉⵔⵉⵏ ⵏ ⴽⵓⴽ",
	"FK": "ⵜⵉⴳⵣⵉⵔⵉⵏ ⵏ ⵎⴰⵍⴰⵡⵉ",
	"MH": "ⵜⵉⴳⵣⵉⵔⵉⵏ ⵏ ⵎⴰⵔⵛⴰⵍ",
	"MP": "ⵜⵉⴳⵣⵉⵔⵉⵏ ⵏ ⵎⴰⵔⵢⴰⵏ ⵏ ⵉⵥⵥⵍⵎⴹ",
	"NF": "ⵜⵉⴳⵣⵉⵔⵉⵏ ⵏ ⵏⵓⵔⴼⵓⵍⴽ",
	"SB": "ⵜⵉⴳⵣⵉⵔⵉⵏ ⵏ ⵙⴰⵍⵓⵎⴰⵏ",
	"TC": "ⵜⵉⴳⵣⵉⵔⵉⵏ ⵏ ⵜⵓⵔⴽⵢⴰ ⴷ ⴽⴰⵢⴽ",
	"VI": "ⵜⵉⴳⵣⵉⵔⵉⵏ ⵜⵉⵎⴳⴰⴷ ⵏ ⵉⵡⵓⵏⴰⴽ ⵎⵓⵏⵏⵉⵏ",
	"VG": "ⵜⵉⴳⵣⵉⵔⵉⵏ ⵜⵉⵎⴳⴰⴷ ⵏ ⵏⵏⴳⵍⵉⵣ",
	"TL": "ⵜⵉⵎⵓⵔ ⵏ ⵍⵇⴱⵍⵜ",
	"TV": "ⵜⵓⴼⴰⵍⵓ",
	"TN": "ⵜⵓⵏⵙ",
	"TM": "ⵜⵓⵔⴽⵎⴰⵏⵙⵜⴰⵏ",
	"TR": "ⵜⵓⵔⴽⵢⴰ",
	"TT": "ⵜⵔⵉⵏⵉⴷⴰⴷ ⴷ ⵟⵓⴱⴰⴳⵓ",
	"TD": "ⵜⵛⴰⴷ",
	"TZ": "ⵟⴰⵏⵥⴰⵏⵢⴰ",
	"TH": "ⵟⴰⵢⵍⴰⵏⴷ",
	"TW": "ⵟⴰⵢⵡⴰⵏ",
	"TG": "ⵟⵓⴳⵓ",
	"TK": "ⵟⵓⴽⵍⴰⵡ",
	"TO": "ⵟⵓⵏⴳⴰ",
	"WF": "ⵡⴰⵍⵉⵙ ⴷ ⴼⵓⵜⵓⵏⴰ",
	"YE": "ⵢⴰⵎⴰⵏ",
	"ZM": "ⵣⴰⵎⴱⵢⴰ",
	"ZW": "ⵣⵉⵎⴱⴰⴱⵡⵉ"
}