{
	"AL": "Abhaniya",
	"AF": "Afigándesitaŋ",
	"ZA": "Afirika Kɔi Leŋŋɛ Lɔ",
	"CF": "Áfíríka Lumaã Tɛ Boloe",
	"DZ": "Agiriya",
	"IS": "Áisi Lumaã",
	"AR": "Ajɛŋtína",
	"AX": "Åland Islands",
	"AM": "Améniya",
	"AQ": "Antarctica",
	"AD": "Aŋdóra",
	"AI": "Aŋgíla",
	"AO": "Aŋgóla",
	"AG": "Aŋtígwa Ɓahabhuda",
	"IE": "Áre Lumaã",
	"AW": "Arubha",
	"AC": "Ascension Island",
	"CD": "Avorekoo",
	"AZ": "Azabhaijaŋ",
	"BS": "Bahámasi",
	"BB": "Bhabhedo",
	"BD": "Bhangiladɛ̀shi",
	"IL": "Bhanísiláila",
	"BH": "Bharɛŋ",
	"BZ": "Bheliz",
	"BE": "Bhɛgiyɔŋ",
	"BY": "Bhɛlarusi",
	"BM": "Bhɛmuda",
	"BJ": "Bhɛni",
	"BF": "Bhokina Fáso",
	"BO": "Bholiviya",
	"BW": "Bhosuwana",
	"BG": "Bhɔgeriya",
	"BA": "Bhɔsiniya",
	"BR": "Bhurazeli",
	"BI": "Bhurundi",
	"BN": "Bhurunɛĩ",
	"BT": "Bhutaŋ",
	"IC": "Canary Islands",
	"BQ": "Caribbean Netherlands",
	"EA": "Ceuta & Melilla",
	"TD": "Chádi",
	"CN": "Cháína",
	"CL": "Chéli",
	"CZ": "Chɛki Boloe",
	"CX": "Christmas Island",
	"CC": "Cocos (Keeling) Islands",
	"CW": "Curaçao",
	"DK": "Danimaha",
	"DG": "Diego Garcia",
	"DM": "Domíiníka",
	"DO": "Domíiníka Ɓoloe",
	"GQ": "Dúúnyá Tɛ Giini",
	"EC": "Ɛ́kúwédɔ",
	"SV": "Ɛlɛ Sávádɔ",
	"ER": "Ɛritera",
	"EE": "Ɛsitóninya",
	"FK": "Fáháki Luma Tiŋŋɛ",
	"FO": "Faroe Islands",
	"PH": "Félepiŋ",
	"FR": "Fɛŋsi",
	"GF": "Fɛŋsi Giwana",
	"PF": "Fɛŋsi Polinísiya",
	"FJ": "Fíji",
	"FI": "Fiŋlɛŋ",
	"TF": "French Southern Territories",
	"GA": "Gabhɔŋ",
	"GM": "Gambiya",
	"GH": "Gana",
	"SL": "Gbeya Bahawɔ",
	"GN": "Gini",
	"GW": "Gini Bhisawo",
	"GG": "Guernsey",
	"GD": "Gurinéda",
	"GP": "Guwadelupe",
	"GU": "Guwami",
	"GT": "Guwatɛmala",
	"GY": "Guyana",
	"HT": "Háiti",
	"GR": "Hɛlɛŋ",
	"HK": "Hong Kong SAR China",
	"HN": "Hɔndura",
	"HU": "Hɔ́ngare",
	"IN": "Índiya",
	"ID": "Índonisiya",
	"IQ": "Iraki",
	"IR": "Iraŋ",
	"IM": "Isle of Man",
	"IT": "Ítali",
	"ET": "Ítiyópiya",
	"DE": "Jamáĩ",
	"JM": "Jamaika",
	"GL": "Jamba Kuwa Lumaã",
	"JP": "Japaŋ",
	"VG": "Jengéesi Bhɛɛ Lɔ Musu Tiŋŋɛ",
	"IO": "Jengéesi Gbawoe Índiya Kɔiyɛ Lɔ",
	"JE": "Jersey",
	"GI": "Jibhurata",
	"DJ": "Jibhuti",
	"JO": "Jɔɔdaŋ",
	"GE": "Jɔɔjiya",
	"NC": "Kalidoninya Námaá",
	"CM": "Kameruŋ",
	"CA": "Kánáda",
	"KH": "Kaŋbhodiya",
	"QA": "Kataha",
	"KZ": "Kazasitaŋ",
	"KY": "Keemaŋ Tiŋŋɛ",
	"KE": "Kénya",
	"CV": "Kepi Vɛdi Tiŋŋɛ",
	"KG": "Kigisitaŋ",
	"KI": "Kiribhati",
	"CU": "Kiyubha",
	"CI": "Kódivówa",
	"CK": "Kóki Tiŋŋɛ",
	"KM": "Komorosi",
	"CG": "Kóngo",
	"HR": "Koresiya",
	"KP": "Koriya Kɔi Kaŋndɔ",
	"KR": "Koriya Kɔi Leŋŋɛ Lɔ",
	"CR": "Kósíta Ríko",
	"XK": "Kosovo",
	"MP": "Kɔi Kaŋndɔ Mariyana Tiŋŋɛ",
	"CO": "Kɔlɔmbiya",
	"KW": "Kuweti",
	"SA": "Lahabu",
	"LR": "Laibhiya",
	"LV": "Lativiya",
	"LA": "Lawosi",
	"LB": "Lebhanɔ",
	"LY": "Lebhiya",
	"LI": "Liechtenstein",
	"LS": "Lisóto",
	"LT": "Lituweninya",
	"LU": "Lusimbɔ",
	"MO": "Macau SAR China",
	"MG": "Madagasita",
	"MW": "Malawi",
	"MY": "Malesiya",
	"ML": "Mali",
	"MV": "Malidavi",
	"MT": "Malita",
	"MK": "Masedoninya",
	"MH": "Masha Tiŋŋɛ",
	"MQ": "Matiniki",
	"YT": "Mavote",
	"MX": "Mɛsíko",
	"FM": "Mikonisiya",
	"EG": "Míséla",
	"MM": "Miyamaha",
	"ME": "Montenegro",
	"MZ": "Mozambiki",
	"MD": "Mɔlidova",
	"MC": "Mɔnako",
	"MN": "Mɔngoliya",
	"MU": "Mɔreshɔ",
	"MR": "Mɔretaninya",
	"MA": "Mɔroko",
	"MS": "Mɔserati",
	"NE": "Naĩja",
	"NG": "Naĩjiriya",
	"NA": "Namibiya",
	"NP": "Nepa",
	"NL": "Nidɔlɛŋ",
	"NI": "Nikaraguwa",
	"NU": "Niwe",
	"NR": "Noru",
	"NF": "Nɔfɔ Tiŋŋɛ",
	"NO": "Nɔɔwe",
	"OM": "Omaŋ",
	"AT": "Ɔ́situwa",
	"AU": "Ɔsituwéeliya",
	"PK": "Pakisitaŋ",
	"PS": "Palesitininya Tele Jii Kɔiyɛ lá hĩ Gaza",
	"PW": "Palo",
	"PA": "Panama",
	"ES": "Panyɛĩ",
	"PG": "Papuwa Gini Námaá",
	"PY": "Paragɔe",
	"PE": "Pɛru",
	"PN": "Pitikɛŋ",
	"PR": "Piyuto Riko",
	"PL": "Pólɛŋ",
	"US": "Poo",
	"VI": "Poo Bhɛɛ lɔ Musu Tiŋŋɛ",
	"AS": "Poo Sambowa",
	"PT": "Potokíi",
	"RW": "Rawunda",
	"RE": "Renyɔɔ̃",
	"RO": "Romininya",
	"RU": "Rɔshiya",
	"CY": "Saɛpurɔ",
	"WS": "Samowa",
	"SM": "Saŋ Marindo",
	"ST": "Sawo Tombe ɓɛ a Gbawoe",
	"RS": "Serbia",
	"SC": "Seshɛɛ",
	"SG": "Síingapoo",
	"SN": "Sinigaha",
	"SX": "Sint Maarten",
	"SH": "Siŋ Hɛlina",
	"KN": "Siŋ Kisi ɓɛ́ Nevisi",
	"LC": "Siŋ Lusiya",
	"PM": "Siŋ Piiyɛ ɓɛ́ Mikelɔŋ",
	"VC": "Siŋ Viŋsi",
	"SY": "Síyaŋ",
	"SO": "Somaliya",
	"GS": "South Georgia & South Sandwich Islands",
	"SS": "South Sudan",
	"BL": "St. Barthélemy",
	"MF": "St. Martin",
	"SD": "Sudɛŋ",
	"SB": "Sulaimaãna Tiŋŋɛ",
	"SK": "Sulovakiya",
	"SI": "Suloveninya",
	"LK": "Suri Laŋka",
	"SR": "Surinambe",
	"SZ": "Suwazi Lumaã",
	"CH": "Suweza Lumaã",
	"SE": "Suwidɛŋ",
	"SJ": "Svalbard & Jan Mayen",
	"TH": "Tai Lumaã",
	"TW": "Taiwaŋ",
	"TJ": "Tajikisitaŋ",
	"TZ": "Taŋzaninya",
	"TL": "Tele Ɓɔ́ Timɔɔ̃",
	"TG": "Togo",
	"TK": "Tokelo",
	"TO": "Tɔnga",
	"TR": "Tɔ́ɔ́ki",
	"TA": "Tristan da Cunha",
	"TM": "Tukimɛnisitaŋ",
	"TC": "Tukisi ɓɛ̀ Kaikóosi Tiŋŋɛ",
	"TN": "Tunisiya",
	"TT": "Turindeda ɓɛ́ Tobhego",
	"TV": "Tuválu",
	"UM": "U.S. Outlying Islands",
	"VU": "Vanuwátu",
	"VA": "Vatikaŋ Ɓoloe",
	"VE": "Vɛnɛzuwela",
	"VN": "Viyanami",
	"WF": "Walísi",
	"EH": "Western Sahara",
	"YE": "Yemɛni",
	"UZ": "Yubhɛkisitaŋ",
	"UG": "Yuganda",
	"UA": "Yukuréŋ",
	"AE": "Yunaitɛ Arabhi Ɛmire",
	"GB": "Yunaitɛ Kíŋdɔŋ",
	"UY": "Yuwegɔwe",
	"ZM": "Zambiya",
	"NZ": "Zilɛŋ Námaá",
	"ZW": "Zimbabhuwe"
}