{
	"HK": "Hong Kong SAR China",
	"MO": "Macau SAR China",
	"ER": "ꔀꔸꔳꕟ",
	"BZ": "ꔆꔷꔘ",
	"SL": "ꔋꕩ ꕒꕌꖺ ꕸꖃꔀ",
	"TL": "ꔎꔒ ꗃ ꔳꗞꖻ",
	"LY": "ꔒꔫꕩ",
	"LB": "ꔒꕑꗟꘋ",
	"RE": "ꔓꗠꖻ",
	"SC": "ꔖꗼꔷ",
	"CL": "ꔚꔷ",
	"IO": "ꔛꔟꔻ ꔤꔺꕩ ꗛꔤꘂ ꕗꕴꔀ ꕮ",
	"VG": "ꔛꔟꔻ ꗩꗡ ꗏ ꖷꖬ ꔳꘋꗣ",
	"JP": "ꔛꗨꗢ",
	"YE": "ꔝꘈꘋ",
	"KY": "ꔞꔀꕮꘋ ꔳꘋꗣ",
	"CV": "ꔞꔪ ꗲꔵ ꔳꘋꗣ",
	"CX": "ꔞꔻꕮꔻ ꔳꘋꗣ",
	"KE": "ꔞꕰ",
	"ET": "ꔤꔳꖎꔪꕩ",
	"IN": "ꔤꔺꕩ",
	"IT": "ꔤꕚꔷ",
	"IQ": "ꔤꕟꕃ",
	"IR": "ꔤꕟꘋ",
	"ID": "ꔤꖆꕇꔻꕩ",
	"PN": "ꔪꔳꕪꕆ",
	"PR": "ꔪꖳꕿ ꔸꖏ",
	"PH": "ꔱꔒꔪꘋ",
	"FJ": "ꔱꔤꕀ",
	"TF": "ꔱꗷꘋꔻ ꗛꔤ ꔒꘋꗣ ꗏ ꕸꖃꔀ ꖸ",
	"FI": "ꔱꘋ ꖨꕮꕊ",
	"TA": "ꔳꔻꕚꘋ ꕜ ꖴꕯ",
	"DG": "ꔵꔀꖑ ꔳꘋꗣ",
	"LS": "ꔷꖇꕿ",
	"LT": "ꔷꖤꔃꕇꕰ",
	"LI": "ꔷꗿꘋꔻꗳꘋ",
	"SN": "ꔻꕇꕭꕌ",
	"SJ": "ꔻꕙꕒꔵ ꗪ ꕧꘋ ꕮꘂꘋ",
	"SY": "ꔻꕩꘋ",
	"SG": "ꔻꕬꕶꕱ",
	"SI": "ꔻꖃꔍꕇꕰ",
	"SK": "ꔻꖃꕙꕃꕩ",
	"PM": "ꔻꘋ ꔪꘂ ꗪ ꕆꔞꗏꘋ",
	"VC": "ꔻꘋ ꔲꘋꔻꘋ ꗪ ꖶꔓꕯꔵꘋ ꖸ",
	"KN": "ꔻꘋ ꕃꔳꔻ ꗪ ꔕꔲꔻ",
	"LC": "ꔻꘋ ꖨꔻꕩ",
	"SH": "ꔻꘋ ꗥꔷꕯ",
	"SX": "ꔻꘋꔳ ꕮꕊꗳꘋ",
	"NZ": "ꔽꔤ ꖨꕮ ꕯꕮꕊ",
	"ZW": "ꔽꕓꖜꔃ",
	"DJ": "ꕀꖜꔳ",
	"GI": "ꕀꖜꕟꕚ",
	"KI": "ꕃꔸꕑꔳ",
	"KG": "ꕃꕅꔻꕚꘋ",
	"CU": "ꕃꖳꕑ",
	"GN": "ꕅꔤꕇ",
	"GW": "ꕅꔤꕇ ꔫꕢꕴ",
	"EG": "ꕆꔖꕞ",
	"MM": "ꕆꕩꘋꕮ",
	"FM": "ꕆꖏꕇꔻꕩ",
	"NP": "ꕇꕐꔷ",
	"NI": "ꕇꕪꕟꖶꕎ",
	"IE": "ꕉꔓ ꖨꕮꕊ",
	"IS": "ꕉꔤꔻ ꖨꕮꕊ",
	"ZA": "ꕉꔱꔸꕪ ꗛꔤ ꔒꘋꗣ ꗏ ꕸꖃꔀ",
	"CF": "ꕉꔱꔸꕪ ꗳ ꗳ ꕸꖃꔀ",
	"AF": "ꕉꔱꕭꔕꔻꕚꘋ",
	"DZ": "ꕉꔷꔠꔸꕩ",
	"AL": "ꕉꔷꕑꕇꕩ",
	"AI": "ꕉꕄꕞ",
	"AM": "ꕉꕆꕯ",
	"AX": "ꕉꕞꔺ",
	"AZ": "ꕉꕤꕑꔤꕧꘋ",
	"AD": "ꕉꖆꕟ",
	"AO": "ꕉꖐꕞ",
	"AW": "ꕉꖩꕑ",
	"AR": "ꕉꘀꘋꔳꕯ",
	"AG": "ꕉꘋꔳꖶꕎ ꗪ ꕑꖜꕜ",
	"AQ": "ꕉꘋꕚꔳꕪ",
	"HT": "ꕌꔤꔳ",
	"WF": "ꕎꔷꔻ ꗪ ꖢꖤꕯ",
	"PS": "ꕐꔒꔻꔳꕯ ꔎꔒ ꕀꔤ ꗛꔤ ꕞ ꗱ ꗪ ꕭꕌꕤ",
	"PK": "ꕐꕃꔻꕚꘋ",
	"PY": "ꕐꕟꗝꔀ",
	"PA": "ꕐꕯꕮ",
	"PW": "ꕐꖃ",
	"PG": "ꕐꖛꕎ ꕅꔤꕇ ꕯꕮꕊ",
	"ES": "ꕐꘊꔧ",
	"BB": "ꕑꔆꖁꔻ",
	"BD": "ꕑꕅꕞꗵꔼ",
	"IL": "ꕑꕇꔻꕞꔤꕞ",
	"BS": "ꕑꕌꕮꔻ",
	"BH": "ꕑꗸꘋ",
	"FK": "ꕘꔷꕃ ꖨꕮ ꔳꘋꗣ",
	"FO": "ꕘꖄ ꔳꘋꗣ",
	"VA": "ꕙꔳꕪꘋ ꕢꕨꕌ",
	"VE": "ꕙꔳꕪꘋ ꕸꖃꔀ",
	"VU": "ꕙꖸꕎꖤ",
	"TH": "ꕚꔤ ꖨꕮꕊ",
	"TW": "ꕚꔤꕎꘋ",
	"TJ": "ꕚꕀꕃꔻꕚꘋ",
	"TV": "ꕚꖣꖨ",
	"TZ": "ꕚꘋꕤꕇꕰ",
	"DK": "ꕜꕇꕮꕃ",
	"LR": "ꕞꔤꔫꕩ",
	"LV": "ꕞꔳꔲꕩ",
	"SA": "ꕞꕌꖝ ꕸꖃꔀ",
	"LA": "ꕞꕴꔻ",
	"RW": "ꕟꖙꕡ",
	"EH": "ꕢꕌꕟ ꔎꔒ ꕀꔤ",
	"ST": "ꕢꕴ ꕿꔈ ꗪ ꕉ ꕮꔧ ꕗꕴꔀ",
	"WS": "ꕢꕹꖙꕉ",
	"CY": "ꕢꗡꖛꗐꔻ",
	"ZM": "ꕤꔭꕩ",
	"CN": "ꕦꔤꕯ",
	"TD": "ꕦꔵ",
	"GL": "ꕧꕓ ꖴꕎ ꖨꕮꕊ",
	"DE": "ꕧꕮꔧ",
	"JM": "ꕧꕮꔧꕪ",
	"CM": "ꕪꔈꖩꘋ",
	"BQ": "ꕪꔓꔬꘂꘋ ꖨꕮ ꗨꗳꗣ",
	"NC": "ꕪꔷꖁꕇꕰ ꕯꕮꕊ",
	"QA": "ꕪꕚꕌ",
	"KZ": "ꕪꕤꔻꕚꘋ",
	"CA": "ꕪꕯꕜ",
	"KH": "ꕪꕹꔵꕩ",
	"BL": "ꕪꘋꕓ ꗞꗢ ꕒꕚꕞꕆ",
	"MF": "ꕪꘋꕓ ꗞꗢ ꕮꕊꔳꘋ",
	"GM": "ꕭꔭꕩ",
	"GH": "ꕭꕌꕯ",
	"GA": "ꕭꕷꘋ",
	"MY": "ꕮꔒꔻꕩ",
	"MK": "ꕮꔖꖁꕇꕰ",
	"MQ": "ꕮꔳꕇꕃ",
	"ML": "ꕮꔷ",
	"MV": "ꕮꔷꕜꔍ",
	"SM": "ꕮꔸꖆ ꕢꘋ",
	"MT": "ꕮꕊꕚ",
	"MH": "ꕮꕊꕣ ꔳꘋꗣ",
	"MG": "ꕮꕜꕭꔻꕪ",
	"MW": "ꕮꕞꕌꔨ",
	"YT": "ꕮꗚꔎ",
	"IM": "ꕮꘋ ꔳꘋꗣ",
	"NG": "ꕯꔤꕀꔸꕩ",
	"NE": "ꕯꔤꕧ",
	"NA": "ꕯꕆꔫꕩ",
	"OM": "ꕱꕮꘋ",
	"US": "ꕶꕱ",
	"AS": "ꕶꕱ ꕢꕹꕎ",
	"UM": "ꕶꕱ ꕪꘋ ꗅꘋ ꔳꘋꗣ ꖸ",
	"VI": "ꕶꕱ ꗩꗡ ꗏ ꖷꖬ ꔳꘋꗣ",
	"PT": "ꕶꕿꕃꔤ ꕸꖃꔀ",
	"PL": "ꕶꗷꘋ",
	"BO": "ꕷꔷꔲꕩ",
	"BA": "ꕷꔻꕇꕰ ꗪ ꗥꕤꖑꔲꕯ",
	"BF": "ꕷꕃꕯ ꕘꖇ",
	"BW": "ꕷꖬꕎꕯ",
	"MZ": "ꕹꕤꔭꕃ",
	"TK": "ꕿꔞꖃ",
	"TG": "ꕿꖑ",
	"DM": "ꖁꕆꕇꕪ",
	"DO": "ꖁꕆꕇꕪꘋ ꕸꕱꔀ",
	"RO": "ꖄꕆꕇꕰ",
	"NR": "ꖆꖩ",
	"SO": "ꖇꕮꔷꕩ",
	"HR": "ꖏꔓꔻꕩ",
	"CI": "ꖏꔳ ꕾꕎ",
	"KR": "ꖏꔸꕩ ꗛꔤ ꔒꘋꗣ ꗏ",
	"KP": "ꖏꔸꕩ ꗛꔤ ꕪꘋꗒ",
	"CR": "ꖏꔻꕚ ꔸꕪ",
	"CK": "ꖏꕃ ꔳꘋꗣ",
	"KM": "ꖏꕹꖄꔻ",
	"XK": "ꖏꖇꕾ",
	"CC": "ꖏꖏꔻ (ꔞꔀꔷꘋ) ꔳꘋꗣ",
	"CG": "ꖏꖐ",
	"CD": "ꖏꖐ ꗵꗞꖴꕟꔎ ꕸꖃꔀ",
	"MD": "ꖒꔷꖁꕙ",
	"GB": "ꖕꕯꔤꗳ",
	"BT": "ꖜꕚꘋ",
	"BR": "ꖜꕟꔘꔀ",
	"BI": "ꖜꖩꔺ",
	"BN": "ꖜꖩꘉꔧ",
	"FR": "ꖢꕟꘋꔻ",
	"TT": "ꖤꔸꔕꕜ ꗪ ꕿꔆꖑ",
	"TN": "ꖤꕇꔻꕩ",
	"GQ": "ꖦꕰꕊ ꗳ ꕅꔤꕇ",
	"CH": "ꖬꔃꕤ ꖨꕮꕊ",
	"SE": "ꖬꔨꗵꘋ",
	"LK": "ꖬꔸ ꕞꘋꕪ",
	"SR": "ꖬꔸꕯꔈ",
	"SZ": "ꖬꕎꔽ ꖨꕮꕊ",
	"SS": "ꖬꕜꘋ ꗛꔤ ꔒꘋꗣ ꗏ",
	"SB": "ꖬꕞꔤꕮꕊꕯ ꔳꘋꗣ",
	"SD": "ꖬꗵꘋ",
	"UY": "ꖳꔓꗝꔀ",
	"UG": "ꖳꕭꕡ",
	"AE": "ꖳꕯꔤꗳ ꕉꕟꔬ ꗡꕆꔓꔻ",
	"UA": "ꖳꖴꔓꘋ",
	"UZ": "ꖳꗩꕃꔻꕚꘋ",
	"KW": "ꖴꔃꔳ",
	"CW": "ꖴꕟꖇꕱ",
	"GT": "ꖶꕎꔎꕮꕞ",
	"GP": "ꖶꕎꔐꖨꔅ",
	"GU": "ꖶꕎꕆ",
	"GD": "ꖶꕟꕯꕜ",
	"GY": "ꖶꕩꕯ",
	"GG": "ꖶꗦꘋꔻ",
	"NU": "ꖸꔃꔤ",
	"AT": "ꖺꔻꖤꕎ",
	"AU": "ꖺꖬꖤꔃꔷꕩ",
	"HN": "ꖽꖫꕟ",
	"HU": "ꖽꘋꕭꔓ",
	"BG": "ꗂꔠꔸꕩ",
	"TO": "ꗋꕬ",
	"TR": "ꗋꖺꕃ",
	"TC": "ꗋꖺꕃꔻ ꗪ ꕪꔤꖏꔻ ꔳꘋꗣ",
	"TM": "ꗋꖺꕃꕮꕇꔻꕚꘋ",
	"LU": "ꗏꔻꘋꗂꖺ",
	"RU": "ꗐꖺꔻꕩ",
	"GE": "ꗘꖺꕀꕩ",
	"GS": "ꗘꖺꕀꕩ ꗛꔤ ꔒꘋꗣ ꗏ ꗪ ꗇꖢ ꔳꘋꗣ ꗛꔤ ꔒꘋꗣ ꗏ",
	"JO": "ꗘꖺꗵꘋ",
	"MP": "ꗛꔤ ꕪꘋꗒ ꕮꔸꕩꕯ ꔳꘋꗣ",
	"IC": "ꗛꖺꔻꕩ ꔳꘋꗣ",
	"CO": "ꗛꗏꔭꕩ",
	"MR": "ꗞꔓꔎꕇꕰ",
	"MU": "ꗞꔓꗔ",
	"ME": "ꗞꔳꕇꖶꖄ",
	"MA": "ꗞꕟꖏ",
	"MC": "ꗞꕯꖏ",
	"MN": "ꗞꖐꔷꕩ",
	"MS": "ꗞꘋꔖꕟꔳ",
	"NO": "ꗟꖺꔃ",
	"NF": "ꗟꖺꗉ ꔳꘋꗣ",
	"EE": "ꗡꔻꕿꕇꕰ",
	"EC": "ꗡꖴꔃꗍ",
	"SV": "ꗡꗷ ꕢꔍꗍꖺ",
	"GR": "ꗥꗷꘋ",
	"PE": "ꗨꗡꖩ",
	"BE": "ꗩꕀꗚꘋ",
	"BJ": "ꗩꕇꘋ",
	"BY": "ꗩꕞꖩꔻ",
	"BM": "ꗩꖷꕜ",
	"PF": "ꗱꘋꔻ ꕶꔷꕇꔻꕩ",
	"GF": "ꗱꘋꔻ ꖶꕎꕯ",
	"VN": "ꗲꕇꖮꔃꕞ",
	"EA": "ꗻꕚ ꗪ ꔡꔷꕞ",
	"AC": "ꗻꗡ ꕒꕡꕌ ꗏ ꔳꘋꗣ",
	"RS": "ꗻꗡꔬꕩ",
	"CZ": "ꗿꕃ ꕸꖃꔀ",
	"JE": "ꘀꗡꔘ",
	"MX": "ꘈꔻꖏ",
	"NL": "ꘉꕜ ꖨꕮꕊ"
}