{
	"AF": "Afganištan",
	"AX": "Alandinslä",
	"AL": "Albanie",
	"DZ": "Algerie",
	"US": "Amerika",
	"UM": "Amerikaniš Ozeanie",
	"AS": "Amerikaniš Samoa",
	"VI": "Amerikaniši Jungfröiwinslä",
	"AD": "Andorra",
	"AO": "Angola",
	"AI": "Anguilla",
	"AQ": "Antarktis",
	"AG": "Antigua und Barbuda",
	"AR": "Argentinie",
	"AM": "Armenie",
	"AW": "Aruba",
	"AZ": "Aserbaidšan",
	"AU": "Australie",
	"BH": "Bačrain",
	"BS": "Bahamas",
	"BD": "Bangladeš",
	"BB": "Barbados",
	"BE": "Belgie",
	"BZ": "Belize",
	"BJ": "Benin",
	"BM": "Bermuda",
	"BT": "Bhutan",
	"BO": "Boliwie",
	"BA": "Bosnie und Herzegovina",
	"BW": "Botswana",
	"BR": "Brasilie",
	"IO": "Britišes Territorium em indiše Ozean",
	"VG": "Britiši Jungfröiwinslä",
	"BN": "Brunei",
	"BG": "Bulgarie",
	"BF": "Burkina Faso",
	"MM": "Burma",
	"BI": "Burundi",
	"BQ": "Caribbean Netherlands",
	"EA": "Ceuta und Melilla",
	"CN": "China",
	"CK": "Cookinslä",
	"CR": "Costa Rica",
	"CW": "Curaçao",
	"DK": "Dänemark",
	"DG": "Diego Garcia",
	"DO": "Dominikaniši Rebublik",
	"DM": "Doninica",
	"DJ": "Dšibuti",
	"EC": "Ecuador",
	"EG": "Egypte",
	"SV": "El Salvador",
	"CI": "Elfebeiküšta",
	"GB": "England",
	"GQ": "Equatorialginea",
	"ER": "Eritrea",
	"EE": "Eštland",
	"ET": "Ethiopie",
	"FK": "Falklandinslä",
	"FO": "Färöe",
	"FJ": "Fidši",
	"FI": "Finnland",
	"FR": "Frankrič",
	"GF": "Französiš Guiana",
	"PF": "Französiš Polinesie",
	"TF": "Französiši Süd- und Antarktisgebiet",
	"GA": "Gabon",
	"GM": "Gambia",
	"GH": "Gana",
	"GE": "Georgie",
	"GI": "Gibraltar",
	"GN": "Ginea",
	"GW": "Ginea Bissau",
	"GD": "Grenada",
	"GR": "Gričeland",
	"GL": "Grönland",
	"GP": "Guadeloupe",
	"GU": "Guam",
	"GT": "Guatemala",
	"GG": "Guernsey",
	"GY": "Guyana",
	"HT": "Haiti",
	"AC": "Himmelfártsinsla",
	"NL": "Holand",
	"HN": "Honduras",
	"IN": "Indie",
	"ID": "Indonesie",
	"IQ": "Irak",
	"IR": "Iran",
	"IE": "Irland",
	"IS": "Island",
	"IM": "Isle of Man",
	"IL": "Israel",
	"IT": "Italie",
	"JM": "Jamaika",
	"JP": "Japan",
	"YE": "Jéme",
	"JE": "Jersey",
	"JO": "Jordanie",
	"KY": "Kaimaninslä",
	"KH": "Kambodša",
	"CM": "Kamerun",
	"CA": "Kanada",
	"IC": "Kanariše Inslä",
	"CV": "Kap Verde",
	"KZ": "Kasačstan",
	"QA": "Katar",
	"KE": "Kenya",
	"KG": "Kirgištan",
	"KI": "Kiribati",
	"CC": "Kokosinslä",
	"CO": "Kolumbie",
	"KM": "Komore",
	"CG": "Kongo Brazzaville",
	"CD": "Kongo-Kinshasa",
	"XK": "Kosovo",
	"HR": "Kroatie",
	"CU": "Kuba",
	"KW": "Kuweit",
	"LA": "Laos",
	"LS": "Lesotho",
	"LV": "Lettland",
	"LB": "Libanon",
	"LR": "Liberia",
	"LI": "Liečteštei",
	"LT": "Litaue",
	"LY": "Lübie",
	"LU": "Luxeburg",
	"MG": "Madagaskar",
	"MW": "Malawi",
	"MY": "Malaysia",
	"MV": "Malediwe",
	"ML": "Mali",
	"MT": "Malta",
	"MA": "Maroko",
	"MH": "Maršalinslä",
	"MQ": "Martinique",
	"MR": "Mauretanie",
	"MU": "Mauritius",
	"MK": "Mazedonie",
	"MX": "Mexiko",
	"FM": "Mikronesie",
	"MD": "Moldau",
	"MC": "Monago",
	"MN": "Mongolei",
	"MS": "Monserrat",
	"ME": "Montenegro",
	"MZ": "Mosambik",
	"YT": "Moyette",
	"NA": "Namibia",
	"NR": "Nauru",
	"NP": "Nepal",
	"NI": "Nicaragua",
	"NE": "Niger",
	"NG": "Nigeria",
	"NU": "Niue",
	"NC": "Niwkaledonie",
	"NZ": "Niwséland",
	"KP": "Nordkorea",
	"MP": "Nördliči Mariane",
	"NF": "Norfolkinsla",
	"NO": "Norwäge",
	"OM": "Oman",
	"AT": "Öštrič",
	"TL": "Ošttimor",
	"PK": "Pakištan",
	"PW": "Palau",
	"PS": "Paleština",
	"PA": "Panama",
	"PG": "Papua Niwginea",
	"PY": "Paraguai",
	"PE": "Peru",
	"PH": "Philippine",
	"PN": "Pitcairn",
	"PL": "Pole",
	"PT": "Portugal",
	"PR": "Puerto Rico",
	"RE": "Réunion",
	"RW": "Ruanda",
	"RO": "Rumänie",
	"RU": "Russland",
	"SB": "Salomone",
	"ZM": "Sambia",
	"WS": "Samoa",
	"SM": "San Marino",
	"ST": "São Tomé and Príncipe",
	"SA": "Saudi Arabie",
	"ES": "Schpanie",
	"SE": "Schwede",
	"CH": "Schwiz",
	"SC": "Sečelle",
	"SN": "Senegal",
	"RS": "Serbie",
	"SL": "Sierra Leone",
	"ZW": "Simbabwe",
	"SG": "Singapur",
	"SX": "Sint Maarten",
	"SK": "Slowakei",
	"SI": "Slowenie",
	"SO": "Somalia",
	"HK": "Sonderverwaltigszona Hongkong",
	"MO": "Sonderverwaltigszona Makau",
	"SS": "South Sudan",
	"LK": "Sri Lanka",
	"BL": "St. Bartholomäus-Insla",
	"SH": "St. Helena",
	"KN": "St. Kitts und Nevis",
	"LC": "St. Lucia",
	"MF": "St. Martin",
	"PM": "St. Pierre und Miquelon",
	"VC": "St. Vincent und d’Grenadine",
	"ZA": "Südafrika",
	"SD": "Sudan",
	"GS": "Südgeorgie und d’südliče Senwičinslä",
	"KR": "Südkorea",
	"SY": "Sürie",
	"SR": "Suriname",
	"SJ": "Svalbard und Jan Mayen",
	"SZ": "Swasiland",
	"TJ": "Tadšikistan",
	"TW": "Taiwan",
	"TZ": "Tansania",
	"TH": "Thailand",
	"DE": "Titšland",
	"TG": "Togo",
	"TK": "Tokelau",
	"TO": "Tonga",
	"TT": "Trinidad und Tobago",
	"TA": "Tristan da Cunha",
	"TD": "Tšad",
	"CZ": "Tšečie",
	"CL": "Tšile",
	"TN": "Tunesie",
	"TR": "Türkei",
	"TM": "Turkmeništan",
	"TC": "Turks- und Caicosinslä",
	"TV": "Tuvalu",
	"UG": "Uganda",
	"UA": "Ukraine",
	"HU": "Ungare",
	"UY": "Urugauy",
	"UZ": "Usbekištan",
	"VU": "Vanuatu",
	"VA": "Vatikan",
	"VE": "Venezuela",
	"AE": "Vereinigti Arabiše Emirat",
	"VN": "Vietnam",
	"WF": "Wallis und Futuna",
	"EH": "Weštsahara",
	"CX": "Wienäčtsinslä",
	"BY": "Wísrussland",
	"CF": "Zentralafrikaniši Rebublik",
	"CY": "Zypre"
}