{
	"ZA": "afilí mbátɛ́",
	"AF": "Afkanistáŋ",
	"AX": "Åland Islands",
	"SA": "alapísawutíit",
	"AM": "Almanía",
	"AL": "Alpaní",
	"AR": "Alsaŋtín",
	"DZ": "Alselí",
	"AW": "Alúpa",
	"US": "amálíka",
	"AQ": "Antarctica",
	"AI": "Aŋkíla",
	"AO": "Aŋkúla",
	"AG": "Aŋtíka na Palpúta",
	"AD": "Aŋtúla",
	"AC": "Ascension Island",
	"AZ": "Asɛlpaisáŋ",
	"HT": "ayíti",
	"IC": "Canary Islands",
	"BQ": "Caribbean Netherlands",
	"EA": "Ceuta & Melilla",
	"CX": "Christmas Island",
	"CC": "Cocos (Keeling) Islands",
	"CW": "Curaçao",
	"DG": "Diego Garcia",
	"EC": "ekuatɛ́l",
	"RE": "elewuniɔ́ŋ",
	"ER": "elitée",
	"ET": "etiopí",
	"IN": "ɛ́ɛnd",
	"ID": "ɛndonesí",
	"EE": "ɛstoni",
	"VU": "fanuatú",
	"FO": "Faroe Islands",
	"VA": "fatikáaŋ",
	"FR": "felensí",
	"VE": "fenesuwelá",
	"FI": "fɛnlánd",
	"VN": "fiɛtnáam",
	"PH": "filipíin",
	"VG": "Filisíin ungilís",
	"FJ": "físi",
	"TF": "French Southern Territories",
	"GG": "Guernsey",
	"HK": "Hong Kong SAR China",
	"MP": "il maliyanɛ u muɛnɛ́",
	"NF": "il nɔ́lfɔ́lɔk",
	"SB": "il salomɔ́ŋ",
	"IQ": "ilák",
	"IR": "iláŋ",
	"IE": "ililánd",
	"MH": "ílmalasáal",
	"AE": "imiláat i paaláap",
	"GB": "ingilíís",
	"IL": "ísilayɛ́l",
	"EG": "isípit",
	"IS": "isláand",
	"IM": "Isle of Man",
	"IT": "italí",
	"JE": "Jersey",
	"GM": "kambíi",
	"KH": "Kámbóse",
	"GH": "kaná",
	"CA": "Kánáta",
	"CV": "Kápfɛl",
	"GA": "kapɔ́ŋ",
	"KZ": "kasaksitáŋ",
	"QA": "katáal",
	"KY": "Káyímanɛ",
	"GD": "kelenáat",
	"CM": "Kemelún",
	"KE": "kénia",
	"GN": "kiiné",
	"GW": "kiinépisaó",
	"GR": "kilɛ́ɛk",
	"KG": "kilikisistáŋ",
	"KI": "kilipatí",
	"GQ": "kinéekuatolial",
	"CZ": "kitɔŋ kí cɛ́k",
	"CD": "kitɔŋ kí kongó",
	"PS": "kitɔŋ ki palɛstíin",
	"DO": "kitɔŋ kí tumunikɛ́ŋ",
	"HR": "Kolowasíi",
	"CG": "Kongó",
	"XK": "Kosovo",
	"CR": "Kóstálíka",
	"CI": "Kótifualɛ",
	"KW": "kowéet",
	"KP": "kɔlé u muɛnɛ́",
	"KR": "kɔlé wu mbát",
	"CO": "Kɔlɔ́mbía",
	"KM": "Kɔmɔ́ɔl",
	"IO": "Kɔɔ́m kí ndián yi ngilís",
	"GU": "kuamiɛ",
	"GP": "kuatelúup",
	"GT": "kuatemalá",
	"GL": "kuluɛnlánd",
	"CU": "kúpa",
	"CK": "Kúuke",
	"GY": "kuyáan",
	"GF": "kuyáan u felensí",
	"LA": "lawós",
	"LS": "lesotó",
	"LV": "letoní",
	"LU": "liksambúul",
	"LB": "lipáŋ",
	"LR": "lipélia",
	"LY": "lipíi",
	"LI": "lístɛ́nsitáyin",
	"LT": "litiyaní",
	"MO": "Macau SAR China",
	"MW": "malawí",
	"MY": "malesí",
	"MV": "maletíif",
	"MT": "málɛ́t",
	"ML": "malí",
	"MA": "malóok",
	"MQ": "maltiníik",
	"FK": "maluwín",
	"MK": "masetuán",
	"MG": "matakaskáal",
	"YT": "mayɔ́ɔt",
	"MX": "mɛksíik",
	"MM": "miaŋmáal",
	"FM": "mikolonesí",
	"MU": "molís",
	"MR": "molitaní",
	"MD": "moltafí",
	"MC": "monakó",
	"MN": "mongolí",
	"ME": "Montenegro",
	"MZ": "mosambík",
	"MS": "mɔŋsilá",
	"NA": "namipí",
	"NR": "nawulú",
	"NP": "nepáal",
	"NI": "nikalaká",
	"NG": "nisélia",
	"NE": "nisɛ́ɛl",
	"NL": "nitililáand",
	"NU": "niyuwé",
	"NO": "nɔlfɛ́ɛs",
	"DE": "nsáman",
	"NC": "nufɛ́l kaletoní",
	"NZ": "nufɛ́l seláand",
	"OM": "omáŋ",
	"AU": "Otalalí",
	"AT": "Otilís",
	"HN": "ɔndúlas",
	"HU": "ɔngilí",
	"BS": "Pahámas",
	"PK": "pakistáŋ",
	"PY": "palakúé",
	"PW": "palawú",
	"BH": "Palɛŋ",
	"BB": "Palpatós",
	"PA": "panamá",
	"ES": "panyá",
	"BD": "Paŋkalatɛs",
	"PG": "papuasí nufɛ́l kiiné",
	"BY": "Pelalús",
	"BZ": "Pelíse",
	"PE": "pelú",
	"BJ": "Penɛŋ",
	"BM": "Pɛlmúta",
	"BE": "Pɛlsíik",
	"BR": "Pilesíl",
	"VI": "pindisúlɛ́ pi amálíka",
	"PN": "pitikɛ́ɛlínɛ́",
	"BO": "Polífia",
	"PF": "polinesí u felensí",
	"PR": "pólótolíko",
	"BW": "Posuána",
	"PL": "pɔlɔ́ɔny",
	"PT": "pɔltukáal",
	"BF": "Pulikínafásó",
	"BG": "Pulukalíi",
	"BI": "Púlúndí",
	"BN": "Pulunéy",
	"BA": "Pusiní-ɛlkofína",
	"BT": "Putaŋ",
	"ZM": "saambíi",
	"TD": "Sáat",
	"SV": "salfatɔ́ɔl",
	"JM": "samayíik",
	"WS": "samowá",
	"AS": "Sámua u Amelíka",
	"SM": "san malíno",
	"CF": "Santalafilíik",
	"JP": "sapɔ́ɔŋ",
	"ST": "sáwó tomé e pelensípe",
	"SN": "senekáal",
	"RS": "Serbia",
	"SC": "sesɛ́ɛl",
	"VC": "sɛ́ŋ fɛŋsáŋ elekelenatíin",
	"KN": "sɛ́ŋkilistɔ́f eniɛ́f",
	"PM": "sɛ́ŋpiɛ́l e mikelɔ́ŋ",
	"SH": "sɛ́ŋtɛ́ elɛ́ɛnɛ",
	"LC": "sɛ́ŋtɛ́lusí",
	"SL": "sieláleyɔ́ɔn",
	"CN": "Síine",
	"CL": "Silí",
	"LK": "silíláŋka",
	"SK": "silofakí",
	"SI": "silofení",
	"GI": "sílpalatáal",
	"ZW": "simbapuwé",
	"SG": "singapúul",
	"SX": "Sint Maarten",
	"CY": "síplɛ",
	"DJ": "síputí",
	"SO": "somalí",
	"GS": "South Georgia & South Sandwich Islands",
	"SS": "South Sudan",
	"GE": "sɔlsíi",
	"JO": "sɔltaní",
	"BL": "St. Barthélemy",
	"MF": "St. Martin",
	"SZ": "suasiláand",
	"SE": "suɛ́t",
	"SR": "sulináam",
	"SD": "sutáaŋ",
	"CH": "suwíis",
	"SJ": "Svalbard & Jan Mayen",
	"SY": "Syria",
	"DK": "tanemálk",
	"TZ": "taŋsaní",
	"TJ": "tasikistáaŋ",
	"TH": "tayiláand",
	"TW": "tayiwáan",
	"TT": "tilinitáat na tupákɔ",
	"TL": "timɔ́ɔl u nipálɛ́n",
	"TK": "tokeló",
	"TG": "tokó",
	"TO": "tɔ́ŋka",
	"TA": "Tristan da Cunha",
	"TV": "tufalú",
	"TC": "túluk na káyiik",
	"TR": "tulukíi",
	"TM": "tulukmenisitáaŋ",
	"DM": "túmúnéke",
	"TN": "tunusí",
	"UM": "U.S. Outlying Islands",
	"UG": "ukánda",
	"UA": "ukilɛ́ɛn",
	"RW": "uluándá",
	"UY": "ulukuéy",
	"RO": "ulumaní",
	"RU": "ulusí",
	"UZ": "usupekistáaŋ",
	"WF": "walíis na futúna",
	"EH": "Western Sahara",
	"YE": "yémɛn"
}