{
	"AL": "阿尔巴尼亚",
	"DZ": "阿尔及利亚",
	"AF": "阿富汗",
	"AR": "阿根廷",
	"AE": "阿拉伯联合大公国",
	"OM": "阿曼王国",
	"AC": "阿森松岛",
	"EG": "埃及",
	"IE": "爱尔兰",
	"EE": "爱沙尼亚",
	"AD": "安道尔",
	"AO": "安哥拉",
	"AI": "安圭拉",
	"AG": "安提瓜同巴布达",
	"AT": "奥地利",
	"AX": "奥兰群岛",
	"AU": "澳洲",
	"BB": "巴贝多",
	"PG": "巴布亚纽几内亚",
	"BS": "巴哈马",
	"PK": "巴基斯坦",
	"PY": "巴拉圭",
	"PS": "巴勒斯坦自治区",
	"BH": "巴林",
	"PA": "巴拿马",
	"BR": "巴西",
	"BY": "白俄罗斯",
	"BM": "百慕达",
	"BG": "保加利亚",
	"KP": "北韩",
	"MP": "北马里亚纳群岛",
	"BZ": "贝里斯",
	"BJ": "贝南",
	"BE": "比利时",
	"IS": "冰岛",
	"PR": "波多黎各",
	"PL": "波兰",
	"BA": "波斯尼亚同黑塞哥维那",
	"BW": "波札那",
	"BO": "玻利维亚",
	"PW": "帛琉",
	"BT": "不丹",
	"BF": "布吉纳法索",
	"TD": "查德",
	"GQ": "赤道几内亚",
	"DK": "丹麦",
	"DE": "德国",
	"DG": "迪亚哥加西亚岛",
	"TL": "东帝汶",
	"TO": "东加",
	"TG": "多哥",
	"DM": "多米尼克",
	"DO": "多明尼加共和国",
	"RU": "俄罗斯",
	"EC": "厄瓜多",
	"ER": "厄利垂亚",
	"FR": "法国",
	"FO": "法罗群岛",
	"PF": "法属玻里尼西亚",
	"GF": "法属圭亚那",
	"TF": "法属南方属地",
	"MF": "法属圣马丁",
	"VA": "梵蒂冈",
	"PH": "菲律宾",
	"FJ": "斐济",
	"FI": "芬兰",
	"FK": "福克兰群岛",
	"GY": "盖亚那",
	"GM": "甘比亚",
	"CG": "刚果（布拉萨）",
	"CD": "刚果（金夏沙）",
	"CO": "哥伦比亚",
	"CR": "哥斯大黎加",
	"GL": "格陵兰",
	"GD": "格瑞那达",
	"KM": "葛摩",
	"GG": "根西岛",
	"CU": "古巴",
	"GP": "瓜地洛普",
	"GT": "瓜地马拉",
	"GU": "关岛",
	"KZ": "哈萨克",
	"HT": "海地",
	"NL": "荷兰",
	"BQ": "荷兰加勒比区",
	"AW": "荷属阿鲁巴",
	"SX": "荷属圣马丁",
	"HN": "宏都拉斯",
	"DJ": "吉布地",
	"KG": "吉尔吉斯",
	"KI": "吉里巴斯",
	"GN": "几内亚",
	"GW": "几内亚比索",
	"CA": "加拿大",
	"IC": "加那利群岛",
	"GA": "加彭",
	"GH": "迦纳",
	"KH": "柬埔寨",
	"CZ": "捷克",
	"CM": "喀麦隆",
	"QA": "卡达",
	"KY": "开曼群岛",
	"CC": "科科斯（基林）群岛",
	"XK": "科索沃",
	"KW": "科威特",
	"HR": "克罗埃西亚",
	"KE": "肯亚",
	"CK": "库克群岛",
	"CW": "库拉索",
	"LV": "拉脱维亚",
	"LR": "赖比瑞亚",
	"LS": "赖索托",
	"LB": "黎巴嫩",
	"LT": "立陶宛",
	"LY": "利比亚",
	"LA": "寮国",
	"LI": "列支敦斯登",
	"RE": "留尼旺",
	"RW": "卢安达",
	"LU": "卢森堡",
	"RO": "罗马尼亚",
	"MG": "马达加斯加",
	"MQ": "马丁尼克岛",
	"MV": "马尔地夫",
	"MT": "马尔他",
	"MW": "马拉威",
	"MY": "马来西亚",
	"ML": "马利",
	"MK": "马其顿",
	"MH": "马绍尔群岛",
	"YT": "马约特",
	"IM": "曼岛",
	"MR": "茅利塔尼亚",
	"US": "美国",
	"UM": "美国本土外小岛屿",
	"AS": "美属萨摩亚",
	"VI": "美属维京群岛",
	"MN": "蒙古",
	"ME": "蒙特内哥罗",
	"MS": "蒙哲腊",
	"BD": "孟加拉",
	"PE": "秘鲁",
	"FM": "密克罗尼西亚群岛",
	"MM": "缅甸",
	"MU": "模里西斯",
	"MD": "摩尔多瓦",
	"MA": "摩洛哥",
	"MC": "摩纳哥",
	"MZ": "莫三比克",
	"MX": "墨西哥",
	"NA": "纳米比亚",
	"NG": "奈及利亚",
	"ZA": "南非",
	"KR": "南韩",
	"AQ": "南极洲",
	"SS": "南苏丹",
	"GS": "南佐治亚岛同南桑威奇群岛",
	"NI": "尼加拉瓜",
	"NP": "尼泊尔",
	"NE": "尼日",
	"NU": "纽埃岛",
	"NZ": "纽西兰",
	"NO": "挪威",
	"NF": "诺福克岛",
	"NR": "诺鲁",
	"PN": "皮特肯群岛",
	"PT": "葡萄牙",
	"BI": "蒲隆地",
	"TT": "千里达同多巴哥",
	"GE": "乔治亚共和国",
	"JP": "日本",
	"SE": "瑞典",
	"CH": "瑞士",
	"SV": "萨尔瓦多",
	"WS": "萨摩亚",
	"RS": "塞尔维亚",
	"SN": "塞内加尔",
	"SC": "塞席尔",
	"CY": "赛普勒斯",
	"SA": "沙乌地阿拉伯",
	"ZM": "尚比亚",
	"BL": "圣巴瑟米",
	"CX": "圣诞岛",
	"ST": "圣多美同普林西比",
	"SH": "圣赫勒拿岛",
	"KN": "圣基茨同尼维斯",
	"LC": "圣露西亚",
	"SM": "圣马利诺",
	"PM": "圣皮埃尔同密克隆群岛",
	"VC": "圣文森特同格林纳丁斯",
	"SL": "狮子山",
	"SZ": "史瓦济兰",
	"LK": "斯里兰卡",
	"SK": "斯洛伐克",
	"SI": "斯洛维尼亚",
	"SJ": "斯瓦尔巴特群岛同扬马延岛",
	"SD": "苏丹",
	"SR": "苏利南",
	"SB": "索罗门群岛",
	"SO": "索马利亚",
	"TJ": "塔吉克",
	"TW": "台湾",
	"TH": "泰国",
	"TZ": "坦尚尼亚",
	"TA": "特里斯坦达库尼亚群岛",
	"TN": "突尼西亚",
	"TR": "土耳其",
	"TC": "土克斯及开科斯群岛",
	"TM": "土库曼",
	"TV": "吐瓦鲁",
	"TK": "托克劳群岛",
	"WF": "瓦利斯同富图纳群岛",
	"VU": "万那杜",
	"CV": "维德角",
	"VE": "委内瑞拉",
	"BN": "汶莱",
	"UG": "乌干达",
	"UA": "乌克兰",
	"UY": "乌拉圭",
	"UZ": "乌兹别克",
	"ES": "西班牙",
	"EH": "西撒哈拉",
	"GR": "希腊",
	"CI": "象牙海岸",
	"ZW": "辛巴威",
	"SG": "新加坡",
	"NC": "新喀里多尼亚",
	"HU": "匈牙利",
	"EA": "休达与梅利利亚",
	"SY": "叙利亚",
	"JM": "牙买加",
	"AM": "亚美尼亚",
	"AZ": "亚塞拜然",
	"YE": "叶门",
	"IQ": "伊拉克",
	"IR": "伊朗",
	"ET": "衣索比亚",
	"IL": "以色列",
	"IT": "义大利",
	"IN": "印度",
	"ID": "印尼",
	"GB": "英国",
	"VG": "英属维京群岛",
	"IO": "英属印度洋领地",
	"JO": "约旦",
	"VN": "越南",
	"JE": "泽西岛",
	"GI": "直布罗陀",
	"CL": "智利",
	"CF": "中非共和国",
	"CN": "中华人民共和国",
	"MO": "中华人民共和国澳门特别行政区",
	"HK": "中华人民共和国香港特别行政区"
}